Comunio_Name;LI_Name;LI_Link;LastName;Ambiguous
Hansen-Aarøen;Isak Hansen-Aarøen;https://www.ligainsider.de/isak-hansen-aaroeen_36964/;aaroen;0
Ache;Ragnar Ache;https://www.ligainsider.de/ragnar-ache_23720/;ache;0
Adamu;Junior Adamu;https://www.ligainsider.de/junior-adamu_24620/;adamu;0
Adeh;Wesley Adeh;https://www.ligainsider.de/wesley-adeh_37133/;adeh;0
Adeyemi;Karim Adeyemi;https://www.ligainsider.de/karim-adeyemi_23718/;adeyemi;0
Afolayan;Oladapo Afolayan;https://www.ligainsider.de/oladapo-afolayan_35928/;afolayan;0
Agu;Felix Agu;https://www.ligainsider.de/felix-agu_21590/;agu;0
Ahlstrand;Erik Ahlstrand;https://www.ligainsider.de/erik-ahlstrand_37137/;ahlstrand;0
Akpoguma;Kevin Akpoguma;https://www.ligainsider.de/kevin-akpoguma_2477/;akpoguma;0
Alvero;Skelly Alvero;https://www.ligainsider.de/skelly-alvero_35903/;alvero;0
Amenda;Aurèle Amenda;https://www.ligainsider.de/aurele-amenda_36336/;amenda;0
Amiri;Nadiem Amiri;https://www.ligainsider.de/nadiem-amiri_5815/;amiri;0
Amoura;Mohammed Amoura;https://www.ligainsider.de/mohammed-amoura_36478/;amoura;0
Chema Andrés;Chema Andrés;https://www.ligainsider.de/chema-andres_38650/;andres;0
Andrich;Robert Andrich;https://www.ligainsider.de/robert-andrich_2590/;andrich;0
Angély;Mathys Angely;https://www.ligainsider.de/mathys-angely_37282/;angely;0
Ansah;Ilyas Ansah;https://www.ligainsider.de/ilyas-ansah_36892/;ansah;0
Anselmino;Aarón Anselmino;https://www.ligainsider.de/aaron-anselmino_38682/;anselmino;0
Anton;Waldemar Anton;https://www.ligainsider.de/waldemar-anton_5837/;anton;0
Arnold;Maximilian Arnold;https://www.ligainsider.de/maximilian-arnold_1673/;arnold;0
Arthur;Arthur;https://www.ligainsider.de/arthur_35904/;arthur;0
Asllani;Fisnik Asllani;https://www.ligainsider.de/fisnik-asllani_21986/;asllani;0
Assignon;Lorenz Assignon;https://www.ligainsider.de/lorenz-assignon_25114/;assignon;0
Atubolu;Noah Atubolu;https://www.ligainsider.de/noah-atubolu_22000/;atubolu;0
Avdullahu;Leon Avdullahu;https://www.ligainsider.de/leon-avdullahu_38223/;avdullahu;0
Backhaus;Mio Backhaus;https://www.ligainsider.de/mio-backhaus_27467/;backhaus;0
Badé;Loïc Badé;https://www.ligainsider.de/loic-bade_35823/;bade;0
Bahoya;Jean-Mattéo Bahoya;https://www.ligainsider.de/jean-matteo-bahoya_36932/;bahoya;0
Bakayoko;Johan Bakayoko;https://www.ligainsider.de/johan-bakayoko_35421/;bakayoko;0
Baku;Ridle Baku;https://www.ligainsider.de/ridle-baku_15835/;baku;0
Baldé;Fabio Baldé;https://www.ligainsider.de/fabio-balde_37472/;balde;0
N. Banks;Noahkai Banks;https://www.ligainsider.de/noahkai-banks_37195/;banks;0
Banzuzi;Ezechiel Banzuzi;https://www.ligainsider.de/ezechiel-banzuzi_38383/;banzuzi;0
Bärtl;Jannis Bärtl;https://www.ligainsider.de/jannis-baertl_38687/;bartl;0
Batshuayi;Michy Batshuayi;https://www.ligainsider.de/michy-batshuayi_2927/;batshuayi;0
Batz;Daniel Batz;https://www.ligainsider.de/daniel-batz_499/;batz;0
Bauer;Maximilian Bauer;https://www.ligainsider.de/maximilian-bauer_14214/;bauer;0
Baum;Elias Baum;https://www.ligainsider.de/elias-baum_35727/;baum;0
Baumann;Oliver Baumann;https://www.ligainsider.de/oliver-baumann_567/;baumann;0
Baumgartner;Christoph Baumgartner;https://www.ligainsider.de/christoph-baumgartner_18640/;baumgartner;0
Bebou;Ihlas Bebou;https://www.ligainsider.de/ihlas-bebou_4544/;bebou;0
Beck;Adrian Beck;https://www.ligainsider.de/adrian-beck_12636/;beck;0
H. Behrens;Hennes Behrens;https://www.ligainsider.de/hennes-behrens_37221/;behrens;0
Beier;Maximilian Beier;https://www.ligainsider.de/maximilian-beier_20804/;beier;0
Bell;Stefan Bell;https://www.ligainsider.de/stefan-bell_521/;bell;0
Bellingham;Jobe Bellingham;https://www.ligainsider.de/jobe-bellingham_38153/;bellingham;0
Belocian;Jeanuël Belocian;https://www.ligainsider.de/jeanuel-belocian_35601/;belocian;0
Benjamin;Precious Benjamin;https://www.ligainsider.de/precious-benjamin_38639/;benjamin;0
Bensebaini;Ramy Bensebaini;https://www.ligainsider.de/ramy-bensebaini_7791/;bensebaini;0
van den Berg;Rav van den Berg;https://www.ligainsider.de/rav-van-den-berg_38630/;berg;0
Berisha;Mërgim Berisha;https://www.ligainsider.de/mergim-berisha_13386/;berisha;0
Bernardo;Bernardo;https://www.ligainsider.de/bernardo_11324/;bernardo;0
Beste;Niklas Beste;https://www.ligainsider.de/niklas-beste_14520/;beste;0
Bischof;Tom Bischof;https://www.ligainsider.de/tom-bischof_26133/;bischof;0
Bitshiabu;El Chadaille Bitshiabu;https://www.ligainsider.de/el-chadaille-bitshiabu_24578/;bitshiabu;0
Bittencourt;Leonardo Bittencourt;https://www.ligainsider.de/leonardo-bittencourt_1635/;bittencourt;0
Blaswich;Janis Blaswich;https://www.ligainsider.de/janis-blaswich_1685/;blaswich;0
Bobzien;Ben Bobzien;https://www.ligainsider.de/ben-bobzien_26140/;bobzien;0
Boey;Sacha Boey;https://www.ligainsider.de/sacha-boey_23034/;boey;0
Bogdanov;Dmytro Bogdanov;https://www.ligainsider.de/dmytro-bogdanov_37476/;bogdanov;0
Boniface;Victor Boniface;https://www.ligainsider.de/victor-boniface_35360/;boniface;0
Bos;Kasey Bos;https://www.ligainsider.de/kasey-bos_38567/;bos;0
Bouanani;Badredine Bouanani;https://www.ligainsider.de/badredine-bouanani_37742/;bouanani;0
Bøving;William Bøving;https://www.ligainsider.de/william-boeving_24255/;boving;0
Brandt;Julian Brandt;https://www.ligainsider.de/julian-brandt_2467/;brandt;0
Bredlow;Fabian Bredlow;https://www.ligainsider.de/fabian-bredlow_6395/;bredlow;0
Brown;Nathaniel Brown;https://www.ligainsider.de/nathaniel-brown_35857/;brown;0
Bülter;Marius Bülter;https://www.ligainsider.de/marius-buelter_19202/;bulter;0
Masanka Bungi;Joyeux Masanka Bungi;https://www.ligainsider.de/joyeux-masanka-bungi_37241/;bungi;0
Burcu;Livan Burcu;https://www.ligainsider.de/livan-burcu_36114/;burcu;0
Burger;Wouter Burger;https://www.ligainsider.de/wouter-burger_22632/;burger;0
Burkardt;Jonathan Burkardt;https://www.ligainsider.de/jonathan-burkardt_19272/;burkardt;0
Burke;Oliver Burke;https://www.ligainsider.de/oliver-burke_11325/;burke;0
Busch;Marnon Busch;https://www.ligainsider.de/marnon-busch_3599/;busch;0
Buta;Aurélio Buta;https://www.ligainsider.de/aurelio-buta_27391/;buta;0
Caci;Anthony Caci;https://www.ligainsider.de/anthony-caci_26102/;caci;0
Campbell;Cole Campbell;https://www.ligainsider.de/cole-campbell_36946/;campbell;0
Can;Emre Can;https://www.ligainsider.de/emre-can_1812/;can;0
Capaldo;Nicolás Capaldo;https://www.ligainsider.de/nicolas-capaldo_26628/;capaldo;0
Pereira Cardoso;Tiago Pereira Cardoso;https://www.ligainsider.de/tiago-pereira-cardoso_37860/;cardoso;0
Castrop;Jens Castrop;https://www.ligainsider.de/jens-castrop_24405/;castrop;0
Ćatović;Mirza Ćatović;https://www.ligainsider.de/mirza-catovic_38625/;catovic;0
Ceesay;Abdoulie Ceesay;https://www.ligainsider.de/abdoulie-ceesay_38222/;ceesay;0
Chabot;Julian Chabot;https://www.ligainsider.de/julian-chabot_12583/;chabot;0
Chaïbi;Farès Chaïbi;https://www.ligainsider.de/fares-chaibi_35910/;chaibi;0
Chandler;Timothy Chandler;https://www.ligainsider.de/timothy-chandler_643/;chandler;0
Chaves;Arthur Chaves;https://www.ligainsider.de/arthur-chaves_37533/;chaves;0
Chiarodia;Fabio Chiarodia;https://www.ligainsider.de/fabio-chiarodia_26588/;chiarodia;0
Chukwuemeka;Carney Chukwuemeka;https://www.ligainsider.de/carney-chukwuemeka_26083/;chukwuemeka;0
N. Collins;Nnamdi Collins;https://www.ligainsider.de/nnamdi-collins_24116/;collins;0
Conteh;Sirlord Conteh;https://www.ligainsider.de/sirlord-conteh_20864/;conteh;0
da Costa;Danny da Costa;https://www.ligainsider.de/danny-da-costa_650/;costa;0
Coufal;Vladimír Coufal;https://www.ligainsider.de/vladimir-coufal_11929/;coufal;0
Coulibaly;Karim Coulibaly;https://www.ligainsider.de/karim-coulibaly_38228/;coulibaly;0
Couto;Yan Couto;https://www.ligainsider.de/yan-couto_23748/;couto;0
Čović;Patrice Čović;https://www.ligainsider.de/patrice-covic_38219/;covic;0
Daghim;Adam Daghim;https://www.ligainsider.de/adam-daghim_37622/;daghim;0
Dahmen;Finn Dahmen;https://www.ligainsider.de/finn-dahmen_18728/;dahmen;0
Dahoud;Mahmoud Dahoud;https://www.ligainsider.de/mahmoud-dahoud_2735/;dahoud;0
Santos Daiber;David Santos Daiber;https://www.ligainsider.de/david-santos-daiber_38573/;daiber;0
Al-Dakhil;Ameen Al-Dakhil;https://www.ligainsider.de/ameen-al-dakhil_37516/;dakhil;0
Dal;Maxim Dal;https://www.ligainsider.de/maxim-dal_35943/;dal;0
Damar;Muhammed Damar;https://www.ligainsider.de/muhammed-damar_26168/;damar;0
B. Dárdai;Bence Dárdai;https://www.ligainsider.de/bence-dardai_36123/;dardai;0
Dardari;Aiman Dardari;https://www.ligainsider.de/aiman-dardari_38622/;dardari;0
Darvich;Noah Darvich;https://www.ligainsider.de/noah-darvich_36018/;darvich;0
Davies;Alphonso Davies;https://www.ligainsider.de/alphonso-davies_20098/;davies;0
Deman;Olivier Deman;https://www.ligainsider.de/olivier-deman_36310/;deman;0
Demirović;Ermedin Demirović;https://www.ligainsider.de/ermedin-demirovic_24166/;demirovic;0
Luis Díaz;Luis Díaz;https://www.ligainsider.de/luis-diaz_22566/;diaz;0
Dickes;Fernando Dickes;https://www.ligainsider.de/fernando-dickes_37244/;dickes;0
Diehl;Justin Diehl;https://www.ligainsider.de/justin-diehl_24547/;diehl;0
Diks;Kevin Diks;https://www.ligainsider.de/kevin-diks_11591/;diks;0
Dinkçi;Eren Dinkçi;https://www.ligainsider.de/eren-dinkci_22008/;dinkci;0
Diomande;Yan Diomande;https://www.ligainsider.de/yan-diomande_38631/;diomande;0
Doan;Ritsu Doan;https://www.ligainsider.de/ritsu-doan_22974/;doan;0
Doekhi;Danilho Doekhi;https://www.ligainsider.de/danilho-doekhi_27485/;doekhi;0
Dompé;Jean-Luc Dompé;https://www.ligainsider.de/jean-luc-dompe_12020/;dompe;0
Dorsch;Niklas Dorsch;https://www.ligainsider.de/niklas-dorsch_6811/;dorsch;0
Doumbia;Fousseny Doumbia;https://www.ligainsider.de/fousseny-doumbia_38528/;doumbia;0
Drewes;Patrick Drewes;https://www.ligainsider.de/patrick-drewes_1981/;drewes;0
Drljača;Stefan Drljača;https://www.ligainsider.de/stefan-drljaca_7606/;drljaca;0
Duranville;Julien Duranville;https://www.ligainsider.de/julien-duranville_27516/;duranville;0
Dźwigała;Adam Dźwigała;https://www.ligainsider.de/adam-dzwigala_25807/;dzwigala;0
Echeverri;Claudio Echeverri;https://www.ligainsider.de/claudio-echeverri_38680/;echeverri;0
M. Eggestein;Maximilian Eggestein;https://www.ligainsider.de/maximilian-eggestein_6131/;eggestein;0
Elfadli;Daniel Elfadli;https://www.ligainsider.de/daniel-elfadli_35221/;elfadli;0
Elvedi;Nico Elvedi;https://www.ligainsider.de/nico-elvedi_6475/;elvedi;0
Y. Engelhardt;Yannik Engelhardt;https://www.ligainsider.de/yannik-engelhardt_20278/;engelhardt;0
Eriksen;Christian Eriksen;https://www.ligainsider.de/christian-eriksen_4839/;eriksen;0
Essende;Samuel Essende;https://www.ligainsider.de/samuel-essende_13644/;essende;0
Feller;Frank Feller;https://www.ligainsider.de/frank-feller_27371/;feller;0
Fellhauer;Robin Fellhauer;https://www.ligainsider.de/robin-fellhauer_24864/;fellhauer;0
Fenyő;Noah Fenyö;https://www.ligainsider.de/noah-fenyoe_35728/;fenyo;0
Heuer Fernandes;Daniel Heuer Fernandes;https://www.ligainsider.de/daniel-heuer-fernandes_6379/;fernandes;0
Fernández;Equi Fernández;https://www.ligainsider.de/equi-fernandez_38674/;fernandez;0
Finkgräfe;Max Finkgräfe;https://www.ligainsider.de/max-finkgraefe_35735/;finkgrafe;0
Fischer;Kilian Fischer;https://www.ligainsider.de/kilian-fischer_26435/;fischer;0
Flekken;Mark Flekken;https://www.ligainsider.de/mark-flekken_4530/;flekken;0
Föhrenbach;Jonas Föhrenbach;https://www.ligainsider.de/jonas-foehrenbach_6462/;fohrenbach;0
Fraulo;Oscar Fraulo;https://www.ligainsider.de/oscar-fraulo_27522/;fraulo;0
Frees;Kelven Frees;https://www.ligainsider.de/kelven-frees_38628/;frees;0
Friedl;Marco Friedl;https://www.ligainsider.de/marco-friedl_7047/;friedl;0
Friedrich;Marvin Friedrich;https://www.ligainsider.de/marvin-friedrich_3296/;friedrich;0
Führich;Chris Führich;https://www.ligainsider.de/chris-fuehrich_18542/;fuhrich;0
Fujita;Joel Chima Fujita;https://www.ligainsider.de/joel-chima-fujita_38450/;fujita;0
García;Aleix García;https://www.ligainsider.de/aleix-garcia_7138/;garcia;0
Gazibegović;Jusuf Gazibegović;https://www.ligainsider.de/jusuf-gazibegovic_27041/;gazibegovic;0
Gebel;Viggo Gebel;https://www.ligainsider.de/viggo-gebel_37240/;gebel;0
Geiger;Dennis Geiger;https://www.ligainsider.de/dennis-geiger_10434/;geiger;0
Gendrey;Valentin Gendrey;https://www.ligainsider.de/valentin-gendrey_35971/;gendrey;0
Gerhardt;Yannick Gerhardt;https://www.ligainsider.de/yannick-gerhardt_3942/;gerhardt;0
Gharbi;Ismaël Gharbi;https://www.ligainsider.de/ismael-gharbi_27392/;gharbi;0
Giannoulis;Dimitrios Giannoulis;https://www.ligainsider.de/dimitrios-giannoulis_11820/;giannoulis;0
Gimber;Benedikt Gimber;https://www.ligainsider.de/benedikt-gimber_6424/;gimber;0
Ginter;Matthias Ginter;https://www.ligainsider.de/matthias-ginter_1835/;ginter;0
Glatzel;Robert Glatzel;https://www.ligainsider.de/robert-glatzel_12573/;glatzel;0
Gleiber;Daniel Gleiber;https://www.ligainsider.de/daniel-gleiber_36742/;gleiber;0
Gnabry;Serge Gnabry;https://www.ligainsider.de/serge-gnabry_4815/;gnabry;0
Gocholeishvili;Giorgi Gocholeishvili;https://www.ligainsider.de/giorgi-gocholeishvili_36382/;gocholeishvili;0
Gomis;Tidiam Gomis;https://www.ligainsider.de/tidiam-gomis_36962/;gomis;0
Goretzka;Leon Goretzka;https://www.ligainsider.de/leon-goretzka_1863/;goretzka;0
Götze;Mario Götze;https://www.ligainsider.de/mario-goetze_501/;gotze;0
Gouweleeuw;Jeffrey Gouweleeuw;https://www.ligainsider.de/jeffrey-gouweleeuw_1851/;gouweleeuw;0
Grabara;Kamil Grabara;https://www.ligainsider.de/kamil-grabara_20652/;grabara;0
Grahl;Jens Grahl;https://www.ligainsider.de/jens-grahl_727/;grahl;0
Grifo;Vincenzo Grifo;https://www.ligainsider.de/vincenzo-grifo_2361/;grifo;0
Grimaldo;Alejandro Grimaldo;https://www.ligainsider.de/alejandro-grimaldo_12227/;grimaldo;0
Groß;Pascal Groß;https://www.ligainsider.de/pascal-gross_1126/;gross;0
Grüll;Marco Grüll;https://www.ligainsider.de/marco-gruell_26702/;grull;0
Raphaël Guerreiro;Raphaël Guerreiro;https://www.ligainsider.de/raphael-guerreiro_6795/;guerreiro;0
Guirassy;Serhou Guirassy;https://www.ligainsider.de/serhou-guirassy_10454/;guirassy;0
Gulácsi;Péter Gulácsi;https://www.ligainsider.de/peter-gulacsi_6429/;gulacsi;0
Günter;Christian Günter;https://www.ligainsider.de/christian-guenter_2153/;gunter;0
Haberer;Janik Haberer;https://www.ligainsider.de/janik-haberer_3616/;haberer;0
Hack;Robin Hack;https://www.ligainsider.de/robin-hack_14139/;hack;0
Haidara;Amadou Haidara;https://www.ligainsider.de/amadou-haidara_16768/;haidara;0
Hajdari;Albian Hajdari;https://www.ligainsider.de/albian-hajdari_37227/;hajdari;0
Harchaoui;Fayssal Harchaoui;https://www.ligainsider.de/fayssal-harchaoui_38527/;harchaoui;0
Harder;Conrad Harder;https://www.ligainsider.de/conrad-harder_36956/;harder;0
Hefti;Silvan Hefti;https://www.ligainsider.de/silvan-hefti_25516/;hefti;0
Hein;Karl Hein;https://www.ligainsider.de/karl-hein_25603/;hein;0
Heintz;Dominique Heintz;https://www.ligainsider.de/dominique-heintz_1669/;heintz;0
Hellstern;Florian Hellstern;https://www.ligainsider.de/florian-hellstern_38676/;hellstern;0
Hendriks;Ramon Hendriks;https://www.ligainsider.de/ramon-hendriks_23957/;hendriks;0
Henrichs;Benjamin Henrichs;https://www.ligainsider.de/benjamin-henrichs_5680/;henrichs;0
Hermann;Hannes Hermann;https://www.ligainsider.de/hannes-hermann_38515/;hermann;0
Herrmann;Charles Herrmann;https://www.ligainsider.de/charles-herrmann_37152/;herrmann;0
Hložek;Adam Hložek;https://www.ligainsider.de/adam-hlozek_24095/;hlozek;0
Höfler;Nicolas Höfler;https://www.ligainsider.de/nicolas-hoefler_619/;hofler;0
J. Hofmann;Jonas Hofmann;https://www.ligainsider.de/jonas-hofmann_2362/;hofmann;0
Højlund;Oscar Højlund;https://www.ligainsider.de/oscar-hoejlund_37210/;hojlund;0
Höler;Lucas Höler;https://www.ligainsider.de/lucas-hoeler_6593/;holer;0
Hollerbach;Benedict Hollerbach;https://www.ligainsider.de/benedict-hollerbach_24960/;hollerbach;0
Honorat;Franck Honorat;https://www.ligainsider.de/franck-honorat_23248/;honorat;0
Honsak;Mathias Honsak;https://www.ligainsider.de/mathias-honsak_20060/;honsak;0
Hountondji;Andréas Hountondji;https://www.ligainsider.de/andreas-hountondji_38611/;hountondji;0
Hranáč;Robin Hranáč;https://www.ligainsider.de/robin-hranac_37515/;hranac;0
Hübers;Timo Hübers;https://www.ligainsider.de/timo-huebers_8912/;hubers;0
Huseinbašić;Denis Huseinbašić;https://www.ligainsider.de/denis-huseinbasic_27486/;huseinbasic;0
Huth;Jannik Huth;https://www.ligainsider.de/jannik-huth_6540/;huth;0
Ibrahimović;Arijon Ibrahimović;https://www.ligainsider.de/arijon-ibrahimovic_27354/;ibrahimovic;0
Ilić;Andrej Ilić;https://www.ligainsider.de/andrej-ilic_37532/;ilic;0
Irié;Cyriaque Irié;https://www.ligainsider.de/cyriaque-irie_38409/;irie;0
Irvine;Jackson Irvine;https://www.ligainsider.de/jackson-irvine_27209/;irvine;0
Itō;Hiroki Ito;https://www.ligainsider.de/hiroki-ito_26128/;ito;0
Jackson;Nicolas Jackson;https://www.ligainsider.de/nicolas-jackson_35952/;jackson;0
Jakić;Kristijan Jakić;https://www.ligainsider.de/kristijan-jakic_24599/;jakic;0
Jaquez;Luca Jaquez;https://www.ligainsider.de/luca-jaquez_38305/;jaquez;0
Jatta;Bakery Jatta;https://www.ligainsider.de/bakery-jatta_7056/;jatta;0
Jeltsch;Finn Jeltsch;https://www.ligainsider.de/finn-jeltsch_36816/;jeltsch;0
Jenz;Moritz Jenz;https://www.ligainsider.de/moritz-jenz_35266/;jenz;0
Jeong;Wooyeong Jeong;https://www.ligainsider.de/wooyeong-jeong_14145/;jeong;0
Jóhannesson;Ísak Jóhannesson;https://www.ligainsider.de/isak-johannesson_35249/;johannesson;0
Jones;Ricky-Jade Jones;https://www.ligainsider.de/ricky-jade-jones_38568/;jones;0
Jovanović;Lazar Jovanović;https://www.ligainsider.de/lazar-jovanovic_38309/;jovanovic;0
A. Jung;Anthony Jung;https://www.ligainsider.de/anthony-jung_2245/;jung;0
Juranović;Josip Juranović;https://www.ligainsider.de/josip-juranovic_26979/;juranovic;0
Kaars;Martijn Kaars;https://www.ligainsider.de/martijn-kaars_37507/;kaars;0
Kabak;Ozan Kabak;https://www.ligainsider.de/ozan-kabak_20416/;kabak;0
Kabar;Almugera Kabar;https://www.ligainsider.de/almugera-kabar_37161/;kabar;0
Kade;Anton Kade;https://www.ligainsider.de/anton-kade_26138/;kade;0
Kainz;Florian Kainz;https://www.ligainsider.de/florian-kainz_6982/;kainz;0
Kamiński;Jakub Kamiński;https://www.ligainsider.de/jakub-kaminski_25286/;kaminski;0
Kampl;Kevin Kampl;https://www.ligainsider.de/kevin-kampl_942/;kampl;0
Kane;Harry Kane;https://www.ligainsider.de/harry-kane_4828/;kane;0
Karazor;Atakan Karazor;https://www.ligainsider.de/atakan-karazor_10442/;karazor;0
Karl;Lennart Karl;https://www.ligainsider.de/lennart-karl_38411/;karl;0
Katterbach;Noah Katterbach;https://www.ligainsider.de/noah-katterbach_20549/;katterbach;0
Kaufmann;Mikkel Kaufmann;https://www.ligainsider.de/mikkel-kaufmann_23953/;kaufmann;0
Kawasaki;Sota Kawasaki;https://www.ligainsider.de/sota-kawasaki_38606/;kawasaki;0
Keitel;Yannik Keitel;https://www.ligainsider.de/yannik-keitel_22010/;keitel;0
Keller;Thomas Keller;https://www.ligainsider.de/thomas-keller_21000/;keller;0
Kemlein;Aljoscha Kemlein;https://www.ligainsider.de/aljoscha-kemlein_27560/;kemlein;0
Kerber;Luca Kerber;https://www.ligainsider.de/luca-kerber_35870/;kerber;0
El Khannouss;Bilal El Khannouss;https://www.ligainsider.de/bilal-el-khannouss_37086/;khannouss;0
Khedira;Rani Khedira;https://www.ligainsider.de/rani-khedira_2122/;khedira;0
Kiala;Cassiano Kiala;https://www.ligainsider.de/cassiano-kiala_38583/;kiala;0
Kilian;Luca Kilian;https://www.ligainsider.de/luca-kilian_20577/;kilian;0
Kim;Minjae Kim;https://www.ligainsider.de/minjae-kim_27022/;kim;0
Kimmich;Joshua Kimmich;https://www.ligainsider.de/joshua-kimmich_5768/;kimmich;0
Klanac;Leon Klanac;https://www.ligainsider.de/leon-klanac_37266/;klanac;0
Klaus;Carl Klaus;https://www.ligainsider.de/carl-klaus_1982/;klaus;0
D. Klein;Daniel Klein;https://www.ligainsider.de/daniel-klein_20418/;klein;0
Kleindienst;Tim Kleindienst;https://www.ligainsider.de/tim-kleindienst_6321/;kleindienst;0
Klostermann;Lukas Klostermann;https://www.ligainsider.de/lukas-klostermann_5622/;klostermann;0
Knauff;Ansgar Knauff;https://www.ligainsider.de/ansgar-knauff_24398/;knauff;0
Köbbing;Matthias Köbbing;https://www.ligainsider.de/matthias-koebbing_13896/;kobbing;0
Kobel;Gregor Kobel;https://www.ligainsider.de/gregor-kobel_9357/;kobel;0
Koch;Robin Koch;https://www.ligainsider.de/robin-koch_12490/;koch;0
Kofane;Christian Kofane;https://www.ligainsider.de/christian-kofane_38550/;kofane;0
Köhn;Derrick Köhn;https://www.ligainsider.de/derrick-koehn_14385/;kohn;0
Kohr;Dominik Kohr;https://www.ligainsider.de/dominik-kohr_1821/;kohr;0
Kolke;Markus Kolke;https://www.ligainsider.de/markus-kolke_15549/;kolke;0
Kölle;Adam Kölle;https://www.ligainsider.de/adam-koelle_38417/;kolle;0
Kömür;Mert Kömür;https://www.ligainsider.de/mert-koemuer_27169/;komur;0
Königsdörffer;Ransford Königsdörffer;https://www.ligainsider.de/ransford-koenigsdoerffer_23911/;konigsdorffer;0
Koulierakis;Konstantinos Koulierakis;https://www.ligainsider.de/konstantinos-koulierakis_35746/;koulierakis;0
Král;Alex Král;https://www.ligainsider.de/alex-kral_26657/;kral;0
Kramarić;Andrej Kramarić;https://www.ligainsider.de/andrej-kramaric_2439/;kramaric;0
Krauß;Tom Krauß;https://www.ligainsider.de/tom-krauss_20244/;krauss;0
Kristensen;Rasmus Kristensen;https://www.ligainsider.de/rasmus-kristensen_21692/;kristensen;0
Kübler;Lukas Kübler;https://www.ligainsider.de/lukas-kuebler_1935/;kubler;0
Kücüksahin;Mahmut Kücüksahin;https://www.ligainsider.de/mahmut-kuecueksahin_27557/;kucuksahin;0
Kujović;Emin Kujović;https://www.ligainsider.de/emin-kujovic_35889/;kujovic;0
Kumbedi;Saël Kumbedi;https://www.ligainsider.de/sael-kumbedi_37946/;kumbedi;0
Kyereh;Daniel-Kofi Kyereh;https://www.ligainsider.de/daniel-kofi-kyereh_19836/;kyereh;0
Labrović;Nediljko Labrović;https://www.ligainsider.de/nediljko-labrovic_37153/;labrovic;0
Pereira Lage;Mathias Pereira Lage;https://www.ligainsider.de/mathias-pereira-lage_37699/;lage;0
Laimer;Konrad Laimer;https://www.ligainsider.de/konrad-laimer_6324/;laimer;0
Larsson;Hugo Larsson;https://www.ligainsider.de/hugo-larsson_35384/;larsson;0
Lee;Jaesung Lee;https://www.ligainsider.de/jaesung-lee_21202/;lee;0
Diogo Leite;Diogo Leite;https://www.ligainsider.de/diogo-leite_20110/;leite;0
Leitsch;Maxim Leitsch;https://www.ligainsider.de/maxim-leitsch_10606/;leitsch;0
Røssing-Lelesiit;Alexander Røssing-Lelesiit;https://www.ligainsider.de/alexander-roessing-lelesiit_38495/;lelesiit;0
Lemperle;Tim Lemperle;https://www.ligainsider.de/tim-lemperle_23854/;lemperle;0
Leweling;Jamie Leweling;https://www.ligainsider.de/jamie-leweling_21336/;leweling;0
Lienhart;Philipp Lienhart;https://www.ligainsider.de/philipp-lienhart_13911/;lienhart;0
Lindstrøm;Jesper Lindstrøm;https://www.ligainsider.de/jesper-lindstroem_26157/;lindstrom;0
Ljubičić;Marin Ljubičić;https://www.ligainsider.de/marin-ljubicic_36465/;ljubicic;0
Sambi Lokonga;Albert Sambi Lokonga;https://www.ligainsider.de/albert-sambi-lokonga_18447/;lokonga;0
Lomb;Niklas Lomb;https://www.ligainsider.de/niklas-lomb_2226/;lomb;0
Lukeba;Castello Lukeba;https://www.ligainsider.de/castello-lukeba_27079/;lukeba;0
Lund;Kristoffer Lund;https://www.ligainsider.de/kristoffer-lund_25668/;lund;0
Lynen;Senne Lynen;https://www.ligainsider.de/senne-lynen_35359/;lynen;0
Machida;Koki Machida;https://www.ligainsider.de/koki-machida_35863/;machida;0
Machino;Shuto Machino;https://www.ligainsider.de/shuto-machino_36130/;machino;0
Maier;Arne Maier;https://www.ligainsider.de/arne-maier_10422/;maier;0
Maina;Linton Maina;https://www.ligainsider.de/linton-maina_18217/;maina;0
Mainka;Patrick Mainka;https://www.ligainsider.de/patrick-mainka_10618/;mainka;0
Majer;Lovro Majer;https://www.ligainsider.de/lovro-majer_22120/;majer;0
Makengo;Jordy Makengo;https://www.ligainsider.de/jordy-makengo_26088/;makengo;0
Maksimović;Andrija Maksimović;https://www.ligainsider.de/andrija-maksimovic_37867/;maksimovic;0
M. El Mala;Malek El Mala;https://www.ligainsider.de/malek-el-mala_38547/;mala;1
M. El Mala;Said El Mala;https://www.ligainsider.de/said-el-mala_38546/;mala;1
Malatini;Julián Malatini;https://www.ligainsider.de/julian-malatini_36952/;malatini;0
Maloney;Lennard Maloney;https://www.ligainsider.de/lennard-maloney_15833/;maloney;0
Mané;Filippo Mane;https://www.ligainsider.de/filippo-mane_37067/;mane;0
Manzambi;Johan Manzambi;https://www.ligainsider.de/johan-manzambi_37206/;manzambi;0
Markgraf;Andrik Markgraf;https://www.ligainsider.de/andrik-markgraf_38588/;markgraf;0
Martel;Eric Martel;https://www.ligainsider.de/eric-martel_20728/;martel;0
Massengo;Han-Noah Massengo;https://www.ligainsider.de/han-noah-massengo_35978/;massengo;0
Matanović;Igor Matanović;https://www.ligainsider.de/igor-matanovic_25780/;matanovic;0
Matsima;Chrislain Matsima;https://www.ligainsider.de/chrislain-matsima_26695/;matsima;0
Claude-Maurice;Alexis Claude-Maurice;https://www.ligainsider.de/alexis-claude-maurice_20630/;maurice;0
Maza;Ibrahim Maza;https://www.ligainsider.de/ibrahim-maza_35905/;maza;0
Mbangula;Samuel Mbangula;https://www.ligainsider.de/samuel-mbangula_38551/;mbangula;0
Meffert;Jonas Meffert;https://www.ligainsider.de/jonas-meffert_2403/;meffert;0
Meiser;Felix Meiser;https://www.ligainsider.de/felix-meiser_37229/;meiser;0
Metcalfe;Connor Metcalfe;https://www.ligainsider.de/connor-metcalfe_35002/;metcalfe;0
Mets;Karol Mets;https://www.ligainsider.de/karol-mets_7968/;mets;0
Meyer;Alexander Meyer;https://www.ligainsider.de/alexander-meyer_14604/;meyer;0
Mike;Wisdom Mike;https://www.ligainsider.de/wisdom-mike_38331/;mike;0
Mikelbrencis;William Mikelbrencis;https://www.ligainsider.de/william-mikelbrencis_35667/;mikelbrencis;0
Mittelstädt;Maximilian Mittelstädt;https://www.ligainsider.de/maximilian-mittelstaedt_6206/;mittelstadt;0
Moerstedt;Max Moerstedt;https://www.ligainsider.de/max-moerstedt_36318/;moerstedt;0
Mohya;Wael Mohya;https://www.ligainsider.de/wael-mohya_38636/;mohya;0
Mokwa;David Mokwa;https://www.ligainsider.de/david-mokwa_35765/;mokwa;0
Castro-Montes;Alessio Castro-Montes;https://www.ligainsider.de/alessio-castro-montes_22736/;montes;0
Muheim;Miro Muheim;https://www.ligainsider.de/miro-muheim_26094/;muheim;0
F. Müller;Florian Müller;https://www.ligainsider.de/florian-mueller_7609/;muller;0
K. Müller;Kevin Müller;https://www.ligainsider.de/kevin-mueller_1316/;muller;0
Ma. Müller;Marius Müller;https://www.ligainsider.de/marius-mueller_1944/;muller;0
Musah;Salim Musah;https://www.ligainsider.de/salim-musah_37144/;musah;0
Musiala;Jamal Musiala;https://www.ligainsider.de/jamal-musiala_24149/;musiala;0
Mwene;Phillipp Mwene;https://www.ligainsider.de/phillipp-mwene_2723/;mwene;0
Mæhle;Joakim Mæhle;https://www.ligainsider.de/joakim-maehle_21782/;mæhle;0
Nartey;Nikolas Nartey;https://www.ligainsider.de/nikolas-nartey_13737/;nartey;0
Nebel;Paul Nebel;https://www.ligainsider.de/paul-nebel_20674/;nebel;0
Nedeljković;Kosta Nedeljković;https://www.ligainsider.de/kosta-nedeljkovic_36747/;nedeljkovic;0
D. Nemeth;David Nemeth;https://www.ligainsider.de/david-nemeth_24642/;nemeth;0
Netz;Luca Netz;https://www.ligainsider.de/luca-netz_24118/;netz;0
Neuer;Manuel Neuer;https://www.ligainsider.de/manuel-neuer_114/;neuer;0
Neuhaus;Florian Neuhaus;https://www.ligainsider.de/florian-neuhaus_10416/;neuhaus;0
Ngankam;Jessic Ngankam;https://www.ligainsider.de/jessic-ngankam_20484/;ngankam;0
Ngoumou;Nathan Ngoumou;https://www.ligainsider.de/nathan-ngoumou_35229/;ngoumou;0
Nicolas;Moritz Nicolas;https://www.ligainsider.de/moritz-nicolas_6295/;nicolas;0
Niehues;Julian Niehues;https://www.ligainsider.de/julian-niehues_20324/;niehues;0
Njinmah;Justin Njinmah;https://www.ligainsider.de/justin-njinmah_27480/;njinmah;0
F. Nmecha;Felix Nmecha;https://www.ligainsider.de/felix-nmecha_25090/;nmecha;0
Nordin;Arnaud Nordin;https://www.ligainsider.de/arnaud-nordin_12001/;nordin;0
Nsoki;Stanley Nsoki;https://www.ligainsider.de/stanley-nsoki_18802/;nsoki;0
Nübel;Alexander Nübel;https://www.ligainsider.de/alexander-nuebel_4473/;nubel;0
Nusa;Antonio Nusa;https://www.ligainsider.de/antonio-nusa_37124/;nusa;0
Ogbemudia;Oluwaseun Ogbemudia;https://www.ligainsider.de/oluwaseun-ogbemudia_36006/;ogbemudia;0
Ogbus;Bruno Ogbus;https://www.ligainsider.de/bruno-ogbus_37207/;ogbus;0
Olise;Michael Olise;https://www.ligainsider.de/michael-olise_37170/;olise;0
Hanche-Olsen;Andreas Hanche-Olsen;https://www.ligainsider.de/andreas-hanche-olsen_25263/;olsen;0
Skov Olsen;Andreas Skov Olsen;https://www.ligainsider.de/andreas-skov-olsen_20608/;olsen;0
Omari;Warmed Omari;https://www.ligainsider.de/warmed-omari_25626/;omari;0
Omlin;Jonas Omlin;https://www.ligainsider.de/jonas-omlin_20712/;omlin;0
Oppie;Louis Oppie;https://www.ligainsider.de/louis-oppie_36107/;oppie;0
W. Orbán;Willi Orbán;https://www.ligainsider.de/willi-orban_1667/;orban;0
Osterhage;Patrick Osterhage;https://www.ligainsider.de/patrick-osterhage_20826/;osterhage;0
Ostrzinski;Silas Ostrzinski;https://www.ligainsider.de/silas-ostrzinski_27269/;ostrzinski;0
Ouédraogo;Assan Ouédraogo;https://www.ligainsider.de/assan-ouedraogo_36735/;ouedraogo;0
Özcan;Salih Özcan;https://www.ligainsider.de/salih-oezcan_6816/;ozcan;0
Özkacar;Cenk Özkacar;https://www.ligainsider.de/cenk-oezkacar_24623/;ozkacar;0
Paçarada;Leart Paçarada;https://www.ligainsider.de/leart-pacarada_5902/;pacarada;0
Palacios;Exequiel Palacios;https://www.ligainsider.de/exequiel-palacios_20382/;palacios;0
Paredes;Kevin Paredes;https://www.ligainsider.de/kevin-paredes_27372/;paredes;0
Pavlović;Aleksandar Pavlović;https://www.ligainsider.de/aleksandar-pavlovic_35918/;pavlovic;0
Pedersen;Mads Pedersen;https://www.ligainsider.de/mads-pedersen_15841/;pedersen;0
Pejčinović;Dženan Pejčinović;https://www.ligainsider.de/dzenan-pejcinovic_26158/;pejcinovic;0
Peretz;Daniel Peretz;https://www.ligainsider.de/daniel-peretz_25299/;peretz;0
Pervan;Pavao Pervan;https://www.ligainsider.de/pavao-pervan_19278/;pervan;0
Petersson;Lúkas Petersson;https://www.ligainsider.de/lukas-petersson_37114/;petersson;0
Pherai;Immanuel Pherai;https://www.ligainsider.de/immanuel-pherai_14097/;pherai;0
L. Philipp;Luca Philipp;https://www.ligainsider.de/luca-philipp_24129/;philipp;0
M. Philipp;Maximilian Philipp;https://www.ligainsider.de/maximilian-philipp_2246/;philipp;0
Philippe;Rayan Philippe;https://www.ligainsider.de/rayan-philippe_36121/;philippe;0
Pieper;Amos Pieper;https://www.ligainsider.de/amos-pieper_7061/;pieper;0
Pieringer;Marvin Pieringer;https://www.ligainsider.de/marvin-pieringer_20424/;pieringer;0
Poku;Ernest Poku;https://www.ligainsider.de/ernest-poku_37740/;poku;0
Poulsen;Yussuf Poulsen;https://www.ligainsider.de/yussuf-poulsen_5765/;poulsen;0
Prass;Alexander Prass;https://www.ligainsider.de/alexander-prass_27057/;prass;0
Preu;David Preu;https://www.ligainsider.de/david-preu_37189/;preu;0
Prömel;Grischa Prömel;https://www.ligainsider.de/grischa-proemel_5816/;promel;0
Puertas;Cameron Puertas;https://www.ligainsider.de/cameron-puertas_35366/;puertas;0
Pyrka;Arkadiusz Pyrka;https://www.ligainsider.de/arkadiusz-pyrka_38439/;pyrka;0
Quansah;Jarell Quansah;https://www.ligainsider.de/jarell-quansah_36489/;quansah;0
Querfeld;Leopold Querfeld;https://www.ligainsider.de/leopold-querfeld_27234/;querfeld;0
Raab;Matheo Raab;https://www.ligainsider.de/matheo-raab_11224/;raab;0
Ramaj;Diant Ramaj;https://www.ligainsider.de/diant-ramaj_20836/;ramaj;0
Gui Ramos;Guilherme Ramos;https://www.ligainsider.de/guilherme-ramos_26135/;ramos;0
Ranos;Grant-Leon Ranos;https://www.ligainsider.de/grant-leon-ranos_35950/;ranos;0
Raum;David Raum;https://www.ligainsider.de/david-raum_12557/;raum;0
Reitz;Rocco Reitz;https://www.ligainsider.de/rocco-reitz_24546/;reitz;0
Remberg;Nicolai Remberg;https://www.ligainsider.de/nicolai-remberg_26449/;remberg;0
Rexhbecaj;Elvis Rexhbeçaj;https://www.ligainsider.de/elvis-rexhbecaj_13707/;rexhbecaj;0
Reyna;Giovanni Reyna;https://www.ligainsider.de/giovanni-reyna_20760/;reyna;0
Rieder;Fabian Rieder;https://www.ligainsider.de/fabian-rieder_25579/;rieder;0
Rieß;Lasse Rieß;https://www.ligainsider.de/lasse-riess_26021/;riess;0
Ritzka;Lars Ritzka;https://www.ligainsider.de/lars-ritzka_6823/;ritzka;0
Robatsch;Jannik Robatsch;https://www.ligainsider.de/jannik-robatsch_38270/;robatsch;0
Rogério;Rogério;https://www.ligainsider.de/rogerio_20460/;rogerio;0
Rômulo;Rômulo Cardoso;https://www.ligainsider.de/romulo-cardoso_38565/;romulo;0
Rönnow;Frederik Rønnow;https://www.ligainsider.de/frederik-roennow_7943/;ronnow;0
Rosenfelder;Max Rosenfelder;https://www.ligainsider.de/max-rosenfelder_26203/;rosenfelder;0
Rothe;Tom Rothe;https://www.ligainsider.de/tom-rothe_26243/;rothe;0
Rothweiler;Nick Rothweiler;https://www.ligainsider.de/nick-rothweiler_37226/;rothweiler;0
Ryerson;Julian Ryerson;https://www.ligainsider.de/julian-ryerson_18478/;ryerson;0
Saad;Elias Saad;https://www.ligainsider.de/elias-saad_26393/;saad;0
Sabitzer;Marcel Sabitzer;https://www.ligainsider.de/marcel-sabitzer_2020/;sabitzer;0
Sahiti;Emir Sahiti;https://www.ligainsider.de/emir-sahiti_38469/;sahiti;0
Saliakas;Manolis Saliakas;https://www.ligainsider.de/manolis-saliakas_16223/;saliakas;0
Sander;Philipp Sander;https://www.ligainsider.de/philipp-sander_18612/;sander;0
Sands;James Sands;https://www.ligainsider.de/james-sands_23722/;sands;0
Sano;Kaishu Sano;https://www.ligainsider.de/kaishu-sano_36958/;sano;0
Kauã Santos;Kauã Santos;https://www.ligainsider.de/kaua-santos_36306/;santos;0
Sarco;Alejo Sarco;https://www.ligainsider.de/alejo-sarco_37192/;sarco;0
Scally;Joe Scally;https://www.ligainsider.de/joe-scally_23700/;scally;0
Schäfer;András Schäfer;https://www.ligainsider.de/andras-schaefer_27369/;schafer;0
Scherhant;Derry Scherhant;https://www.ligainsider.de/derry-scherhant_27532/;scherhant;0
Schick;Patrik Schick;https://www.ligainsider.de/patrik-schick_7794/;schick;0
Schimmer;Stefan Schimmer;https://www.ligainsider.de/stefan-schimmer_15384/;schimmer;0
Schlager;Xaver Schlager;https://www.ligainsider.de/xaver-schlager_11547/;schlager;0
K. Schlotterbeck;Keven Schlotterbeck;https://www.ligainsider.de/keven-schlotterbeck_19286/;schlotterbeck;0
N. Schlotterbeck;Nico Schlotterbeck;https://www.ligainsider.de/nico-schlotterbeck_20052/;schlotterbeck;0
Schmetgens;Mick Schmetgens;https://www.ligainsider.de/mick-schmetgens_37129/;schmetgens;0
Schmid;Romano Schmid;https://www.ligainsider.de/romano-schmid_16771/;schmid;0
I. Schmidt;Isaac Schmidt;https://www.ligainsider.de/isaac-schmidt_38655/;schmidt;0
N. Schmidt;Nick Schmidt;https://www.ligainsider.de/nick-schmidt_38386/;schmidt;0
Schmied;Joël Schmied;https://www.ligainsider.de/joel-schmied_38328/;schmied;0
Schmitz;Marwin Schmitz;https://www.ligainsider.de/marwin-schmitz_37212/;schmitz;0
Schopp;Konstantin Schopp;https://www.ligainsider.de/konstantin-schopp_37872/;schopp;0
Schöppner;Jan Schöppner;https://www.ligainsider.de/jan-schoeppner_21310/;schoppner;0
Schwäbe;Marvin Schwäbe;https://www.ligainsider.de/marvin-schwaebe_2626/;schwabe;0
Sebulonsen;Sebastian Sebulonsen;https://www.ligainsider.de/sebastian-sebulonsen_38632/;sebulonsen;0
Seelt;Jenson Seelt;https://www.ligainsider.de/jenson-seelt_27288/;seelt;0
Ben Seghir;Eliesse Ben Seghir;https://www.ligainsider.de/eliesse-ben-seghir_35709/;seghir;0
Seiwald;Nicolas Seiwald;https://www.ligainsider.de/nicolas-seiwald_24619/;seiwald;0
Sieb;Armindo Sieb;https://www.ligainsider.de/armindo-sieb_24114/;sieb;0
Siersleben;Tim Siersleben;https://www.ligainsider.de/tim-siersleben_20684/;siersleben;0
Silas;Silas Katompa-Mvumpa;https://www.ligainsider.de/silas-katompa-mvumpa_21594/;silas;0
Fábio Silva;Fábio Silva;https://www.ligainsider.de/fabio-silva_22570/;silva;0
Sinani;Danel Sinani;https://www.ligainsider.de/danel-sinani_22474/;sinani;0
Sippel;Tobias Sippel;https://www.ligainsider.de/tobias-sippel_495/;sippel;0
Skarke;Tim Skarke;https://www.ligainsider.de/tim-skarke_6374/;skarke;0
Skhiri;Ellyes Skhiri;https://www.ligainsider.de/ellyes-skhiri_20776/;skhiri;0
Skov;Robert Skov;https://www.ligainsider.de/robert-skov_18702/;skov;0
Smarkalev;Stefan Smarkalev;https://www.ligainsider.de/stefan-smarkalev_37181/;smarkalev;0
Smith;Eric Smith;https://www.ligainsider.de/eric-smith_23968/;smith;0
Sorg;Oliver Sorg;https://www.ligainsider.de/oliver-sorg_37873/;sorg;0
Soumahoro;Aboubaka Soumahoro;https://www.ligainsider.de/aboubaka-soumahoro_38516/;soumahoro;0
Vini Souza;Vini Souza;https://www.ligainsider.de/vini-souza_38589/;souza;0
Spari;Simon Spari;https://www.ligainsider.de/simon-spari_38575/;spari;0
Stage;Jens Stage;https://www.ligainsider.de/jens-stage_22538/;stage;0
Stanišić;Josip Stanišić;https://www.ligainsider.de/josip-stanisic_20102/;stanisic;0
Stark;Niklas Stark;https://www.ligainsider.de/niklas-stark_2441/;stark;0
Stenzel;Pascal Stenzel;https://www.ligainsider.de/pascal-stenzel_6002/;stenzel;0
Stergiou;Leonidas Stergiou;https://www.ligainsider.de/leonidas-stergiou_36303/;stergiou;0
Stevens;Fin Stevens;https://www.ligainsider.de/fin-stevens_37255/;stevens;0
Stiller;Angelo Stiller;https://www.ligainsider.de/angelo-stiller_20766/;stiller;0
Stöger;Kevin Stöger;https://www.ligainsider.de/kevin-stoeger_692/;stoger;0
Sugawara;Yukinari Sugawara;https://www.ligainsider.de/yukinari-sugawara_22234/;sugawara;0
Süle;Niklas Süle;https://www.ligainsider.de/niklas-suele_2584/;sule;0
Suzuki;Yuito Suzuki;https://www.ligainsider.de/yuito-suzuki_37105/;suzuki;0
Svanberg;Mattias Svanberg;https://www.ligainsider.de/mattias-svanberg_34922/;svanberg;0
Svensson;Daniel Svensson;https://www.ligainsider.de/daniel-svensson_38304/;svensson;0
Swider;Niklas Swider;https://www.ligainsider.de/niklas-swider_37246/;swider;0
Tabaković;Haris Tabaković;https://www.ligainsider.de/haris-tabakovic_36122/;tabakovic;0
Tah;Jonathan Tah;https://www.ligainsider.de/jonathan-tah_2385/;tah;0
Tape;Axel Tape;https://www.ligainsider.de/axel-tape_38260/;tape;0
Tapsoba;Edmond Tapsoba;https://www.ligainsider.de/edmond-tapsoba_19022/;tapsoba;0
Tauer;Niklas Tauer;https://www.ligainsider.de/niklas-tauer_20680/;tauer;0
Tella;Nathan Tella;https://www.ligainsider.de/nathan-tella_36300/;tella;0
Telle;Neo Telle;https://www.ligainsider.de/neo-telle_38330/;telle;0
Terrier;Martin Terrier;https://www.ligainsider.de/martin-terrier_21876/;terrier;0
Theate;Arthur Theate;https://www.ligainsider.de/arthur-theate_26137/;theate;0
Thielmann;Jan Thielmann;https://www.ligainsider.de/jan-thielmann_21998/;thielmann;0
Tietz;Phillip Tietz;https://www.ligainsider.de/phillip-tietz_7480/;tietz;0
Tillman;Malik Tillman;https://www.ligainsider.de/malik-tillman_23862/;tillman;0
Tohumcu;Umut Tohumcu;https://www.ligainsider.de/umut-tohumcu_27482/;tohumcu;0
Tiago Tomás;Tiago Tomás;https://www.ligainsider.de/tiago-tomas_24512/;tomas;0
Topp;Keke Topp;https://www.ligainsider.de/keke-topp_35787/;topp;0
Torunarigha;Jordan Torunarigha;https://www.ligainsider.de/jordan-torunarigha_6513/;torunarigha;0
B. Touré;Bazoumana Touré;https://www.ligainsider.de/bazoumana-toure_37262/;toure;0
Traoré;Omar Traoré;https://www.ligainsider.de/omar-traore_35989/;traore;0
Treu;Philipp Treu;https://www.ligainsider.de/philipp-treu_20344/;treu;0
Trimmel;Christopher Trimmel;https://www.ligainsider.de/christopher-trimmel_5713/;trimmel;0
Tschernuth;Paul Tschernuth;https://www.ligainsider.de/paul-tschernuth_27492/;tschernuth;0
Ullrich;Lukas Ullrich;https://www.ligainsider.de/lukas-ullrich_27518/;ullrich;0
Ulreich;Sven Ulreich;https://www.ligainsider.de/sven-ulreich_205/;ulreich;0
Undav;Deniz Undav;https://www.ligainsider.de/deniz-undav_19154/;undav;0
Upamecano;Dayot Upamecano;https://www.ligainsider.de/dayot-upamecano_11541/;upamecano;0
Urbich;Jan Urbich;https://www.ligainsider.de/jan-urbich_38109/;urbich;0
Urbig;Jonas Urbig;https://www.ligainsider.de/jonas-urbig_26101/;urbig;0
Uzun;Can Uzun;https://www.ligainsider.de/can-uzun_35949/;uzun;0
Vagnoman;Josha Vagnoman;https://www.ligainsider.de/josha-vagnoman_18427/;vagnoman;0
Vandevoordt;Maarten Vandevoordt;https://www.ligainsider.de/maarten-vandevoordt_21774/;vandevoordt;0
Vasilj;Nikola Vasilj;https://www.ligainsider.de/nikola-vasilj_13866/;vasilj;0
Vavro;Denis Vavro;https://www.ligainsider.de/denis-vavro_16744/;vavro;0
Lucas Vázquez;Lucas Vázquez;https://www.ligainsider.de/lucas-vazquez_7631/;vazquez;0
Veratschnig;Nikolas Veratschnig;https://www.ligainsider.de/nikolas-veratschnig_37085/;veratschnig;0
Fábio Vieira;Fabio Vieira;https://www.ligainsider.de/fabio-vieira_24438/;vieira;0
Voll;Ben Voll;https://www.ligainsider.de/ben-voll_20984/;voll;0
L. Vušković;Luka Vušković;https://www.ligainsider.de/luka-vuskovic_35901/;vuskovic;0
Wagner;Yannik Wagner;https://www.ligainsider.de/yannik-wagner_38601/;wagner;0
Wahi;Elye Wahi;https://www.ligainsider.de/elye-wahi_35837/;wahi;0
Wahl;Hauke Wahl;https://www.ligainsider.de/hauke-wahl_6372/;wahl;0
Waldschmidt;Luca Waldschmidt;https://www.ligainsider.de/luca-waldschmidt_2594/;waldschmidt;0
Weigel;Tobias Weigel;https://www.ligainsider.de/tobias-weigel_38602/;weigel;0
Weiper;Nelson Weiper;https://www.ligainsider.de/nelson-weiper_27543/;weiper;0
Weiser;Mitchell Weiser;https://www.ligainsider.de/mitchell-weiser_1720/;weiser;0
Werner;Timo Werner;https://www.ligainsider.de/timo-werner_2570/;werner;0
Widmer;Silvan Widmer;https://www.ligainsider.de/silvan-widmer_1938/;widmer;0
Wimmer;Patrick Wimmer;https://www.ligainsider.de/patrick-wimmer_26236/;wimmer;0
Wind;Jonas Wind;https://www.ligainsider.de/jonas-wind_18722/;wind;0
Wöber;Maximilian Wöber;https://www.ligainsider.de/maximilian-woeber_11916/;wober;0
M. Wolf;Marius Wolf;https://www.ligainsider.de/marius-wolf_5670/;wolf;0
Zagadou;Dan-Axel Zagadou;https://www.ligainsider.de/dan-axel-zagadou_12683/;zagadou;0
Zehnter;Aaron Zehnter;https://www.ligainsider.de/aaron-zehnter_26201/;zehnter;0
Zentner;Robin Zentner;https://www.ligainsider.de/robin-zentner_3298/;zentner;0
Zesiger;Cédric Zesiger;https://www.ligainsider.de/cedric-zesiger_23382/;zesiger;0
Zetterer;Michael Zetterer;https://www.ligainsider.de/michael-zetterer_6257/;zetterer;0
Zieler;Ron-Robert Zieler;https://www.ligainsider.de/ron-robert-zieler_613/;zieler;0
Zieliński;Jakub Zielinski;https://www.ligainsider.de/jakub-zielinski_38580/;zielinski;0
Zingerle;Leopold Zingerle;https://www.ligainsider.de/leopold-zingerle_2452/;zingerle;0
Zivzivadze;Budu Zivzivadze;https://www.ligainsider.de/budu-zivzivadze_35934/;zivzivadze;0
Đurić;Luka Đurić;https://www.ligainsider.de/luka-duric_38279/;đuric;0
