Comunio_Name;LI_Name;LI_Link;LastName;Ambiguous
A. Jung;Anthony Jung;https://www.ligainsider.de/anthony-jung_2245/;jung;0
A. Németh;;;nemeth;0
Ache;;;ache;0
Adamu;;;adamu;0
Adamyan;;;adamyan;0
Adeh;;;adeh;0
Adeyemi;;;adeyemi;0
Adjetey;Jonas Adjetey;https://www.ligainsider.de/jonas-adjetey_38814/;adjetey;0
Adli;;;adli;0
Afolayan;;;afolayan;0
Afri Akumu;;;akumu;0
Agu;Felix Agu;https://www.ligainsider.de/felix-agu_21590/;agu;0
Agyekum;;;agyekum;0
Ahlstrand;;;ahlstrand;0
Aigbekaen;;;aigbekaen;0
Akaegbobi;;;akaegbobi;0
Akpoguma;Kevin Akpoguma;https://www.ligainsider.de/kevin-akpoguma_2477/;akpoguma;0
Al-Dakhil;Ameen Al-Dakhil;https://www.ligainsider.de/ameen-al-dakhil_37516/;dakhil;0
Alajbegović;;;alajbegovic;0
Alfa-Ruprecht;;;ruprecht;0
Alvero;;;alvero;0
Amaimouni-Echghouyab;;;echghouyab;0
Amenda;Aurèle Amenda;https://www.ligainsider.de/aurele-amenda_36336/;amenda;0
Amiri;;;amiri;0
Amoako;;;amoako;0
Amoura;;;amoura;0
Andrich;Robert Andrich;https://www.ligainsider.de/robert-andrich_2590/;andrich;0
André Silva;;;silva;0
Andō;Tomoya Andō;https://www.ligainsider.de/tomoya-ando_38761/;ando;0
Angély;;;angely;0
Ansah;;;ansah;0
Anselmino;;;anselmino;0
Anton;Waldemar Anton;https://www.ligainsider.de/waldemar-anton_5837/;anton;0
Arnold;;;arnold;0
Arrhov;;;arrhov;0
Arthur;Arthur;https://www.ligainsider.de/arthur_35904/;arthur;0
Arévalo;;;arevalo;0
Asllani;;;asllani;0
Assignon;Lorenz Assignon;https://www.ligainsider.de/lorenz-assignon_25114/;assignon;0
At. Szalai;;;szalai;0
Atubolu;Noah Atubolu;https://www.ligainsider.de/noah-atubolu_22000/;atubolu;0
Avdullahu;Leon Avdullahu;https://www.ligainsider.de/leon-avdullahu_38223/;avdullahu;0
Awusi;;;awusi;0
Azhil;;;azhil;0
Aznou;;;aznou;0
B. Dárdai;;;dardai;0
B. Touré;;;toure;0
Backhaus;Mio Backhaus;https://www.ligainsider.de/mio-backhaus_27467/;backhaus;0
Badé;Loïc Badé;https://www.ligainsider.de/loic-bade_35823/;bade;0
Bahoya;;;bahoya;0
Bakatukanda;;;bakatukanda;0
Bakayoko;;;bakayoko;0
Baku;Ridle Baku;https://www.ligainsider.de/ridle-baku_15835/;baku;0
Baldé;;;balde;0
Banzuzi;;;banzuzi;0
Batshuayi;;;batshuayi;0
Batz;Daniel Batz;https://www.ligainsider.de/daniel-batz_499/;batz;0
Bauer;;;bauer;0
Baum;Elias Baum;https://www.ligainsider.de/elias-baum_35727/;baum;0
Baumann;Oliver Baumann;https://www.ligainsider.de/oliver-baumann_567/;baumann;0
Baumgartner;;;baumgartner;0
Bebou;;;bebou;0
Beck;;;beck;0
Beier;;;beier;0
Beljo;;;beljo;0
Bell;Stefan Bell;https://www.ligainsider.de/stefan-bell_521/;bell;0
Bellingham;;;bellingham;0
Belocian;Jeanuël Belocian;https://www.ligainsider.de/jeanuel-belocian_35601/;belocian;0
Ben Seghir;;;seghir;0
Benjamin;;;benjamin;0
Bensebaini;Ramy Bensebaini;https://www.ligainsider.de/ramy-bensebaini_7791/;bensebaini;0
Berisha;;;berisha;0
Bernardo;Bernardo;https://www.ligainsider.de/bernardo_11324/;bernardo;0
Beste;;;beste;0
Bischof;;;bischof;0
Bitshiabu;El Chadaille Bitshiabu;https://www.ligainsider.de/el-chadaille-bitshiabu_24578/;bitshiabu;0
Bittencourt;;;bittencourt;0
Blaswich;Janis Blaswich;https://www.ligainsider.de/janis-blaswich_1685/;blaswich;0
Boakye Osei;;;osei;0
Bobzien;;;bobzien;0
Boey;;;boey;0
Bogdanov;;;bogdanov;0
Bolin;;;bolin;0
Boniface;;;boniface;0
Borges Sanches;;;sanches;0
Bornauw;;;bornauw;0
Bos;Kasey Bos;https://www.ligainsider.de/kasey-bos_38567/;bos;0
Bouanani;;;bouanani;0
Brandt;;;brandt;0
Braun;;;braun;0
Bredlow;Fabian Bredlow;https://www.ligainsider.de/fabian-bredlow_6395/;bredlow;0
Breithaupt;;;breithaupt;0
Breunig;;;breunig;0
Brown;Nathaniel Brown;https://www.ligainsider.de/nathaniel-brown_35857/;brown;0
Bruun Larsen;;;larsen;0
Buchmann;;;buchmann;0
Burcu;;;burcu;0
Burger;;;burger;0
Burkardt;;;burkardt;0
Burke;;;burke;0
Busch;Marnon Busch;https://www.ligainsider.de/marnon-busch_3599/;busch;0
Buta;;;buta;0
Bärtl;Jannis Bärtl;https://www.ligainsider.de/jannis-baertl_38687/;bartl;0
Bénes;;;benes;0
Bøving;;;boving;0
Bülter;;;bulter;0
C. Conteh;;;conteh;0
Caci;Anthony Caci;https://www.ligainsider.de/anthony-caci_26102/;caci;0
Campbell;;;campbell;0
Can;Emre Can;https://www.ligainsider.de/emre-can_1812/;can;0
Capaldo;Nicolás Capaldo;https://www.ligainsider.de/nicolas-capaldo_26628/;capaldo;0
Carstensen;;;carstensen;0
Castro-Montes;Alessio Castro-Montes;https://www.ligainsider.de/alessio-castro-montes_22736/;montes;0
Castrop;;;castrop;0
Ceesay;;;ceesay;0
Chabot;Julian Chabot;https://www.ligainsider.de/julian-chabot_12583/;chabot;0
Chandler;Timothy Chandler;https://www.ligainsider.de/timothy-chandler_643/;chandler;0
Chase;;;chase;0
Chaves;Arthur Chaves;https://www.ligainsider.de/arthur-chaves_37533/;chaves;0
Chavez;;;chavez;0
Chaïbi;;;chaibi;0
Chema Andrés;;;andres;0
Chiarodia;Fabio Chiarodia;https://www.ligainsider.de/fabio-chiarodia_26588/;chiarodia;0
Christensen;;;christensen;0
Chukwuemeka;;;chukwuemeka;0
Chávez;;;chavez;0
Claude-Maurice;;;maurice;0
Cleiton;Cleiton;https://www.ligainsider.de/cleiton_38740/;cleiton;0
Coman;;;coman;0
Conteh;;;conteh;0
Conté;;;conte;0
Coufal;Vladimír Coufal;https://www.ligainsider.de/vladimir-coufal_11929/;coufal;0
Coulibaly;Karim Coulibaly;https://www.ligainsider.de/karim-coulibaly_38228/;coulibaly;0
Couto;;;couto;0
Cozza;;;cozza;0
Culbreath;;;culbreath;0
D. Klein;Daniel Klein;https://www.ligainsider.de/daniel-klein_20418/;klein;0
D. Nemeth;David Nemeth;https://www.ligainsider.de/david-nemeth_24642/;nemeth;0
Daghim;;;daghim;0
Dahaba;;;dahaba;0
Dahmen;Finn Dahmen;https://www.ligainsider.de/finn-dahmen_18728/;dahmen;0
Dahoud;;;dahoud;0
Dal;Maxim Dal;https://www.ligainsider.de/maxim-dal_35943/;dal;0
Damar;;;damar;0
Dardari;;;dardari;0
Darvich;;;darvich;0
Davies;Alphonso Davies;https://www.ligainsider.de/alphonso-davies_20098/;davies;0
Deman;;;deman;0
Demirović;;;demirovic;0
Dickes;Fernando Dickes;https://www.ligainsider.de/fernando-dickes_37244/;dickes;0
Diehl;;;diehl;0
Dietz;;;dietz;0
Diks;Kevin Diks;https://www.ligainsider.de/kevin-diks_11591/;diks;0
Dills;;;dills;0
Dina Ebimbe;;;ebimbe;0
Dinkçi;;;dinkci;0
Diogo Leite;Diogo Leite;https://www.ligainsider.de/diogo-leite_20110/;leite;0
Diomande;;;diomande;0
Doan;;;doan;0
Doekhi;Danilho Doekhi;https://www.ligainsider.de/danilho-doekhi_27485/;doekhi;0
Dompé;;;dompe;0
Dong;;;dong;0
Dorsch;Niklas Dorsch;https://www.ligainsider.de/niklas-dorsch_6811/;dorsch;0
Doumbia;Fousseny Doumbia;https://www.ligainsider.de/fousseny-doumbia_38528/;doumbia;0
Downs;;;downs;0
Drewes;Patrick Drewes;https://www.ligainsider.de/patrick-drewes_1981/;drewes;0
Drljača;Stefan Drljača;https://www.ligainsider.de/stefan-drljaca_7606/;drljaca;0
Ducksch;;;ducksch;0
Duranville;;;duranville;0
Dźwigała;Adam Dźwigała;https://www.ligainsider.de/adam-dzwigala_25807/;dzwigala;0
Ebnoutalib;;;ebnoutalib;0
Echeverri;;;echeverri;0
Eduardo;;;eduardo;0
Ekitiké;;;ekitike;0
El Khannouss;;;khannouss;0
Elfadli;Daniel Elfadli;https://www.ligainsider.de/daniel-elfadli_35221/;elfadli;0
Elmas;;;elmas;0
Elvedi;Nico Elvedi;https://www.ligainsider.de/nico-elvedi_6475/;elvedi;0
Engelns;;;engelns;0
Eriksen;;;eriksen;0
Erlein;;;erlein;0
Essende;;;essende;0
F. Becker;;;becker;0
F. Müller;Florian Müller;https://www.ligainsider.de/florian-mueller_7609/;muller;0
F. Nmecha;;;nmecha;0
Faghir;;;faghir;0
Faye;;;faye;0
Fell;;;fell;0
Feller;Frank Feller;https://www.ligainsider.de/frank-feller_27371/;feller;0
Fellhauer;;;fellhauer;0
Fenyő;;;fenyo;0
Fernandes;;;fernandes;0
Fernández;Equi Fernández;https://www.ligainsider.de/equi-fernandez_38674/;fernandez;0
Fields;;;fields;0
Finkgräfe;Max Finkgräfe;https://www.ligainsider.de/max-finkgraefe_35735/;finkgrafe;0
Fischer;;;fischer;0
Flekken;Mark Flekken;https://www.ligainsider.de/mark-flekken_4530/;flekken;0
Franjić;;;franjic;0
Fraulo;;;fraulo;0
Frees;Kelven Frees;https://www.ligainsider.de/kelven-frees_38628/;frees;0
Friedl;Marco Friedl;https://www.ligainsider.de/marco-friedl_7047/;friedl;0
Friedrich;Marvin Friedrich;https://www.ligainsider.de/marvin-friedrich_3296/;friedrich;0
Fujita;;;fujita;0
Fukuda;;;fukuda;0
Fábio Silva;;;silva;0
Fábio Vieira;;;vieira;0
Föhrenbach;Jonas Föhrenbach;https://www.ligainsider.de/jonas-foehrenbach_6462/;fohrenbach;0
Führich;;;fuhrich;0
G. Orban;;;orban;0
García;Aleix García;https://www.ligainsider.de/aleix-garcia_7138/;garcia;0
Gaul Souza;;;souza;0
Gazdov;Emil Gazdov;https://www.ligainsider.de/emil-gazdov_38778/;gazdov;0
Gazibegović;;;gazibegovic;0
Gebel;;;gebel;0
Geertruida;;;geertruida;0
Geiger;;;geiger;0
Gendrey;Valentin Gendrey;https://www.ligainsider.de/valentin-gendrey_35971/;gendrey;0
Gerhardt;;;gerhardt;0
Gharbi;;;gharbi;0
Giannoulis;Dimitrios Giannoulis;https://www.ligainsider.de/dimitrios-giannoulis_11820/;giannoulis;0
Gimber;Benedikt Gimber;https://www.ligainsider.de/benedikt-gimber_6424/;gimber;0
Ginter;Matthias Ginter;https://www.ligainsider.de/matthias-ginter_1835/;ginter;0
Gittens;;;gittens;0
Glatzel;;;glatzel;0
Gleiber;;;gleiber;0
Gnabry;;;gnabry;0
Gocholeishvili;Giorgi Gocholeishvili;https://www.ligainsider.de/giorgi-gocholeishvili_36382/;gocholeishvili;0
Gomis;;;gomis;0
Goretzka;;;goretzka;0
Gouweleeuw;Jeffrey Gouweleeuw;https://www.ligainsider.de/jeffrey-gouweleeuw_1851/;gouweleeuw;0
Grabara;Kamil Grabara;https://www.ligainsider.de/kamil-grabara_20652/;grabara;0
Grahl;Jens Grahl;https://www.ligainsider.de/jens-grahl_727/;grahl;0
Gregoritsch;;;gregoritsch;0
Grifo;;;grifo;0
Grillitsch;;;grillitsch;0
Grimaldo;Alejandro Grimaldo;https://www.ligainsider.de/alejandro-grimaldo_12227/;grimaldo;0
Groß;;;gross;0
Gruda;;;gruda;0
Grønbæk;;;gronbæk;0
Grüll;;;grull;0
Gui Ramos;;;ramos;0
Guirassy;;;guirassy;0
Gulácsi;Péter Gulácsi;https://www.ligainsider.de/peter-gulacsi_6429/;gulacsi;0
Götze;;;gotze;0
Günter;Christian Günter;https://www.ligainsider.de/christian-guenter_2153/;gunter;0
H. Behrens;Hennes Behrens;https://www.ligainsider.de/hennes-behrens_37221/;behrens;0
Haberer;;;haberer;0
Hack;;;hack;0
Haidara;;;haidara;0
Hajdari;Albian Hajdari;https://www.ligainsider.de/albian-hajdari_37227/;hajdari;0
Haller;;;haller;0
Hanche-Olsen;Andreas Hanche-Olsen;https://www.ligainsider.de/andreas-hanche-olsen_25263/;olsen;0
Hansen-Aarøen;;;aaroen;0
Hara;;;hara;0
Harchaoui;;;harchaoui;0
Harder;;;harder;0
Hefti;;;hefti;0
Hein;Karl Hein;https://www.ligainsider.de/karl-hein_25603/;hein;0
Heintz;Dominique Heintz;https://www.ligainsider.de/dominique-heintz_1669/;heintz;0
Heitmann;;;heitmann;0
Hellstern;Florian Hellstern;https://www.ligainsider.de/florian-hellstern_38676/;hellstern;0
Hendriks;Ramon Hendriks;https://www.ligainsider.de/ramon-hendriks_23957/;hendriks;0
Hennrich;;;hennrich;0
Henrichs;Benjamin Henrichs;https://www.ligainsider.de/benjamin-henrichs_5680/;henrichs;0
Hensel;;;hensel;0
Hermann;Hannes Hermann;https://www.ligainsider.de/hannes-hermann_38515/;hermann;0
Herrmann;;;herrmann;0
Heuer Fernandes;Daniel Heuer Fernandes;https://www.ligainsider.de/daniel-heuer-fernandes_6379/;fernandes;0
Hincapié;;;hincapie;0
Hložek;;;hlozek;0
Hollerbach;;;hollerbach;0
Hong;;;hong;0
Honorat;;;honorat;0
Honsak;;;honsak;0
Hountondji;;;hountondji;0
Hradecky;;;hradecky;0
Hranáč;Robin Hranáč;https://www.ligainsider.de/robin-hranac_37515/;hranac;0
Huseinbašić;;;huseinbasic;0
Huth;Jannik Huth;https://www.ligainsider.de/jannik-huth_6540/;huth;0
Hyryläinen;;;hyrylainen;0
Hämmerle;;;hammerle;0
Höfler;Nicolas Höfler;https://www.ligainsider.de/nicolas-hoefler_619/;hofler;0
Höler;;;holer;0
Højlund;;;hojlund;0
Hübers;Timo Hübers;https://www.ligainsider.de/timo-huebers_8912/;hubers;0
I. Schmidt;Isaac Schmidt;https://www.ligainsider.de/isaac-schmidt_38655/;schmidt;0
I. Traoré;Issa Traoré;https://www.ligainsider.de/issa-traore_38654/;traore;0
Ibrahimović;;;ibrahimovic;0
Ilaix Moriba;;;moriba;0
Ilić;;;ilic;0
Inácio;;;inacio;0
Irié;;;irie;0
Irvine;;;irvine;0
Itakura;;;itakura;0
Itō;Hiroki Ito;https://www.ligainsider.de/hiroki-ito_26128/;ito;0
J. Bürger;;;burger;0
J. Hofmann;;;hofmann;0
Jackson;;;jackson;0
Jaeckel;;;jaeckel;0
Jakić;;;jakic;0
Janeš;;;janes;0
Jaquez;Luca Jaquez;https://www.ligainsider.de/luca-jaquez_38305/;jaquez;0
Jatta;;;jatta;0
Jeltsch;Finn Jeltsch;https://www.ligainsider.de/finn-jeltsch_36816/;jeltsch;0
Jenz;Moritz Jenz;https://www.ligainsider.de/moritz-jenz_35266/;jenz;0
Jeong;;;jeong;0
Jones;;;jones;0
Jovanović;;;jovanovic;0
João Palhinha;;;palhinha;0
Juranović;Josip Juranović;https://www.ligainsider.de/josip-juranovic_26979/;juranovic;0
Jäger;;;jager;0
Jäkel;;;jakel;0
Jóhannesson;;;johannesson;0
K. Müller;;;muller;0
K. Schlotterbeck;Keven Schlotterbeck;https://www.ligainsider.de/keven-schlotterbeck_19286/;schlotterbeck;0
Kaars;;;kaars;0
Kabadayi;;;kabadayi;0
Kabak;Ozan Kabak;https://www.ligainsider.de/ozan-kabak_20416/;kabak;0
Kabar;Almugera Kabar;https://www.ligainsider.de/almugera-kabar_37161/;kabar;0
Kade;;;kade;0
Kainz;;;kainz;0
Kalimuendo;;;kalimuendo;0
Kaltefleiter;Benno Kaltefleiter;https://www.ligainsider.de/benno-kaltefleiter_38764/;kaltefleiter;0
Kamiński;;;kaminski;0
Kampl;;;kampl;0
Kane;;;kane;0
Karazor;Atakan Karazor;https://www.ligainsider.de/atakan-karazor_10442/;karazor;0
Karl;;;karl;0
Kastanaras;;;kastanaras;0
Katterbach;Noah Katterbach;https://www.ligainsider.de/noah-katterbach_20549/;katterbach;0
Kaufmann;;;kaufmann;0
Kauã Santos;Kauã Santos;https://www.ligainsider.de/kaua-santos_36306/;santos;0
Kawasaki;;;kawasaki;0
Keitel;Yannik Keitel;https://www.ligainsider.de/yannik-keitel_22010/;keitel;0
Keller;;;keller;0
Kemlein;Aljoscha Kemlein;https://www.ligainsider.de/aljoscha-kemlein_27560/;kemlein;0
Kerber;;;kerber;0
Keïta;;;keita;0
Khedira;Rani Khedira;https://www.ligainsider.de/rani-khedira_2122/;khedira;0
Kiala;Cassiano Kiala;https://www.ligainsider.de/cassiano-kiala_38583/;kiala;0
Kilian;Luca Kilian;https://www.ligainsider.de/luca-kilian_20577/;kilian;0
Kim;Minjae Kim;https://www.ligainsider.de/minjae-kim_27022/;kim;0
Kimmich;;;kimmich;0
Klanac;Leon Klanac;https://www.ligainsider.de/leon-klanac_37266/;klanac;0
Klaus;Carl Klaus;https://www.ligainsider.de/carl-klaus_1982/;klaus;0
Kleindienst;;;kleindienst;0
Klostermann;Lukas Klostermann;https://www.ligainsider.de/lukas-klostermann_5622/;klostermann;0
Knauff;;;knauff;0
Kobel;Gregor Kobel;https://www.ligainsider.de/gregor-kobel_9357/;kobel;0
Koch;Robin Koch;https://www.ligainsider.de/robin-koch_12490/;koch;0
Kofane;;;kofane;0
Kohr;Dominik Kohr;https://www.ligainsider.de/dominik-kohr_1821/;kohr;0
Kolke;Markus Kolke;https://www.ligainsider.de/markus-kolke_15549/;kolke;0
Konaté;;;konate;0
Kosugi;Keita Kosugi;https://www.ligainsider.de/keita-kosugi_38762/;kosugi;0
Koudossou;;;koudossou;0
Koulierakis;Konstantinos Koulierakis;https://www.ligainsider.de/konstantinos-koulierakis_35746/;koulierakis;0
Kovář;;;kovar;0
Kownacki;;;kownacki;0
Kramarić;;;kramaric;0
Krattenmacher;;;krattenmacher;0
Krauß;;;krauss;0
Kristensen;Rasmus Kristensen;https://www.ligainsider.de/rasmus-kristensen_21692/;kristensen;0
Král;Alex Král;https://www.ligainsider.de/alex-kral_26657/;kral;0
Kujović;;;kujovic;0
Kumashiro;;;kumashiro;0
Kumbedi;;;kumbedi;0
Kusi-Asare;;;asare;0
Kyereh;;;kyereh;0
Köbbing;Matthias Köbbing;https://www.ligainsider.de/matthias-koebbing_13896/;kobbing;0
Köhler;;;kohler;0
Köhn;Derrick Köhn;https://www.ligainsider.de/derrick-koehn_14385/;kohn;0
Kölle;Adam Kölle;https://www.ligainsider.de/adam-koelle_38417/;kolle;0
Kömür;;;komur;0
König;;;konig;0
Königsdörffer;;;konigsdorffer;0
Kübler;Lukas Kübler;https://www.ligainsider.de/lukas-kuebler_1935/;kubler;0
Kücüksahin;;;kucuksahin;0
L. Grill;;;grill;0
L. Philipp;Luca Philipp;https://www.ligainsider.de/luca-philipp_24129/;philipp;0
L. Vušković;Luka Vušković;https://www.ligainsider.de/luka-vuskovic_35901/;vuskovic;0
La. Günther;;;gunther;0
Labrović;Nediljko Labrović;https://www.ligainsider.de/nediljko-labrovic_37153/;labrovic;0
Lade;;;lade;0
Laimer;Konrad Laimer;https://www.ligainsider.de/konrad-laimer_6324/;laimer;0
Larsson;;;larsson;0
Leal Costa;;;costa;0
Lee;;;lee;0
Leitsch;Maxim Leitsch;https://www.ligainsider.de/maxim-leitsch_10606/;leitsch;0
Lemperle;;;lemperle;0
Leweling;;;leweling;0
Lienhart;Philipp Lienhart;https://www.ligainsider.de/philipp-lienhart_13911/;lienhart;0
Lindstrøm;;;lindstrom;0
Lisewski;;;lisewski;0
Lisztes;;;lisztes;0
Ljubičić;;;ljubicic;0
Lomb;Niklas Lomb;https://www.ligainsider.de/niklas-lomb_2226/;lomb;0
Lucas Vázquez;;;vazquez;0
Luis Díaz;;;diaz;0
Lukeba;Castello Lukeba;https://www.ligainsider.de/castello-lukeba_27079/;lukeba;0
Lund;Kristoffer Lund;https://www.ligainsider.de/kristoffer-lund_25668/;lund;0
Lynen;Senne Lynen;https://www.ligainsider.de/senne-lynen_35359/;lynen;0
Lührs;;;luhrs;0
M. Eggestein;Maximilian Eggestein;https://www.ligainsider.de/maximilian-eggestein_6131/;eggestein;0
M. El Mala;;;mala;0
M. Philipp;;;philipp;0
M. Wolf;Marius Wolf;https://www.ligainsider.de/marius-wolf_5670/;wolf;0
Ma. Müller;Marius Müller;https://www.ligainsider.de/marius-mueller_1944/;muller;0
Machida;Koki Machida;https://www.ligainsider.de/koki-machida_35863/;machida;0
Machino;;;machino;0
Maier;;;maier;0
Maina;;;maina;0
Mainka;Patrick Mainka;https://www.ligainsider.de/patrick-mainka_10618/;mainka;0
Majer;;;majer;0
Makengo;Jordy Makengo;https://www.ligainsider.de/jordy-makengo_26088/;makengo;0
Maksimović;;;maksimovic;0
Malanga;;;malanga;0
Malatini;Julián Malatini;https://www.ligainsider.de/julian-malatini_36952/;malatini;0
Maloney;;;maloney;0
Maluze;;;maluze;0
Manzambi;;;manzambi;0
Mané;Filippo Mane;https://www.ligainsider.de/filippo-mane_37067/;mane;0
Markgraf;Andrik Markgraf;https://www.ligainsider.de/andrik-markgraf_38588/;markgraf;0
Martel;;;martel;0
Masanka Bungi;;;bungi;0
Massengo;;;massengo;0
Matanović;;;matanovic;0
Matsima;Chrislain Matsima;https://www.ligainsider.de/chrislain-matsima_26695/;matsima;0
Maurides;;;maurides;0
Maza;;;maza;0
Mbangula;;;mbangula;0
Meffert;;;meffert;0
Meiser;Felix Meiser;https://www.ligainsider.de/felix-meiser_37229/;meiser;0
Metcalfe;;;metcalfe;0
Mets;Karol Mets;https://www.ligainsider.de/karol-mets_7968/;mets;0
Meyer;Alexander Meyer;https://www.ligainsider.de/alexander-meyer_14604/;meyer;0
Michaelis;;;michaelis;0
Micheler;;;micheler;0
Mike;;;mike;0
Mikelbrencis;William Mikelbrencis;https://www.ligainsider.de/william-mikelbrencis_35667/;mikelbrencis;0
Millot;;;millot;0
Milošević;;;milosevic;0
Mittelstädt;Maximilian Mittelstädt;https://www.ligainsider.de/maximilian-mittelstaedt_6206/;mittelstadt;0
Moerstedt;;;moerstedt;0
Mohya;;;mohya;0
Mokwa;;;mokwa;0
Moreno Fell;;;fell;0
Moukoko;;;moukoko;0
Mounié;;;mounie;0
Muheim;Miro Muheim;https://www.ligainsider.de/miro-muheim_26094/;muheim;0
Musah;;;musah;0
Musiala;;;musiala;0
Muslija;;;muslija;0
Mwene;Phillipp Mwene;https://www.ligainsider.de/phillipp-mwene_2723/;mwene;0
Mæhle;Joakim Mæhle;https://www.ligainsider.de/joakim-maehle_21782/;mæhle;0
N. Banks;Noahkai Banks;https://www.ligainsider.de/noahkai-banks_37195/;banks;0
N. Collins;Nnamdi Collins;https://www.ligainsider.de/nnamdi-collins_24116/;collins;0
N. Jatta;;;jatta;0
N. Schlotterbeck;Nico Schlotterbeck;https://www.ligainsider.de/nico-schlotterbeck_20052/;schlotterbeck;0
N. Schmidt;;;schmidt;0
Nacho Ferri;;;ferri;0
Nartey;;;nartey;0
Nebel;;;nebel;0
Nedeljković;Kosta Nedeljković;https://www.ligainsider.de/kosta-nedeljkovic_36747/;nedeljkovic;0
Netz;;;netz;0
Neuendorff;;;neuendorff;0
Neuer;Manuel Neuer;https://www.ligainsider.de/manuel-neuer_114/;neuer;0
Neuhaus;Florian Neuhaus;https://www.ligainsider.de/florian-neuhaus_10416/;neuhaus;0
Ngankam;;;ngankam;0
Ngoumou;;;ngoumou;0
Niang;;;niang;0
Nicolas;Moritz Nicolas;https://www.ligainsider.de/moritz-nicolas_6295/;nicolas;0
Niehues;Julian Niehues;https://www.ligainsider.de/julian-niehues_20324/;niehues;0
Njinmah;;;njinmah;0
Nkounkou;;;nkounkou;0
Noll;;;noll;0
Norbye;Jonathan Norbye;https://www.ligainsider.de/jonathan-norbye_37113/;norbye;0
Nordin;;;nordin;0
Nsoki;Stanley Nsoki;https://www.ligainsider.de/stanley-nsoki_18802/;nsoki;0
Nusa;;;nusa;0
Nübel;Alexander Nübel;https://www.ligainsider.de/alexander-nuebel_4473/;nubel;0
O. Traoré;Omar Traoré;https://www.ligainsider.de/omar-traore_35989/;traore;0
Obert;;;obert;0
Odogu;;;odogu;0
Oermann;Tim Oermann;https://www.ligainsider.de/tim-oermann_26552/;oermann;0
Ogbemudia;;;ogbemudia;0
Ogbus;Bruno Ogbus;https://www.ligainsider.de/bruno-ogbus_37207/;ogbus;0
Ogundu;;;ogundu;0
Olise;;;olise;0
Oliveira;;;oliveira;0
Olschowsky;Jan Olschowsky;https://www.ligainsider.de/jan-olschowsky_20114/;olschowsky;0
Omari;Warmed Omari;https://www.ligainsider.de/warmed-omari_25626/;omari;0
Omlin;Jonas Omlin;https://www.ligainsider.de/jonas-omlin_20712/;omlin;0
Onoda;;;onoda;0
Onuoha;;;onuoha;0
Openda;;;openda;0
Opitz;;;opitz;0
Oppie;Louis Oppie;https://www.ligainsider.de/louis-oppie_36107/;oppie;0
Osterhage;;;osterhage;0
Ostrzinski;Silas Ostrzinski;https://www.ligainsider.de/silas-ostrzinski_27269/;ostrzinski;0
Otele;;;otele;0
Ouédraogo;;;ouedraogo;0
P. Aaronson;;;aaronson;0
P. Pfeiffer;;;pfeiffer;0
P. Schulz;;;schulz;0
Palacios;;;palacios;0
Paredes;;;paredes;0
Pauli;;;pauli;0
Pavlešić;;;pavlesic;0
Pavlović;;;pavlovic;0
Paçarada;Leart Paçarada;https://www.ligainsider.de/leart-pacarada_5902/;pacarada;0
Pedersen;Mads Pedersen;https://www.ligainsider.de/mads-pedersen_15841/;pedersen;0
Pejčinović;;;pejcinovic;0
Perea;;;perea;0
Pereira Cardoso;Tiago Pereira Cardoso;https://www.ligainsider.de/tiago-pereira-cardoso_37860/;cardoso;0
Pereira Lage;;;lage;0
Peretz;;;peretz;0
Perrin;;;perrin;0
Pervan;Pavao Pervan;https://www.ligainsider.de/pavao-pervan_19278/;pervan;0
Pesch;;;pesch;0
Petersson;Lúkas Petersson;https://www.ligainsider.de/lukas-petersson_37114/;petersson;0
Pherai;;;pherai;0
Philippe;;;philippe;0
Pieper;Amos Pieper;https://www.ligainsider.de/amos-pieper_7061/;pieper;0
Pieringer;;;pieringer;0
Pléa;;;plea;0
Poku;;;poku;0
Poller;;;poller;0
Poręba;;;poreba;0
Posch;Stefan Posch;https://www.ligainsider.de/stefan-posch_12798/;posch;0
Potočnik;;;potocnik;0
Potulski;Kacper Potulski;https://www.ligainsider.de/kacper-potulski_38608/;potulski;0
Poulsen;;;poulsen;0
Prass;;;prass;0
Preu;;;preu;0
Prömel;Grischa Prömel;https://www.ligainsider.de/grischa-proemel_5816/;promel;0
Puerta;;;puerta;0
Puertas;;;puertas;0
Pyrka;;;pyrka;0
Quansah;Jarell Quansah;https://www.ligainsider.de/jarell-quansah_36489/;quansah;0
Querfeld;Leopold Querfeld;https://www.ligainsider.de/leopold-querfeld_27234/;querfeld;0
Raab;Matheo Raab;https://www.ligainsider.de/matheo-raab_11224/;raab;0
Raimund;;;raimund;0
Ramaj;Diant Ramaj;https://www.ligainsider.de/diant-ramaj_20836/;ramaj;0
Ramšak;;;ramsak;0
Ranos;;;ranos;0
Raphaël Guerreiro;Raphaël Guerreiro;https://www.ligainsider.de/raphael-guerreiro_6795/;guerreiro;0
Rapsch;;;rapsch;0
Rasmussen;;;rasmussen;0
Raum;David Raum;https://www.ligainsider.de/david-raum_12557/;raum;0
Reggiani;Luca Reggiani;https://www.ligainsider.de/luca-reggiani_38816/;reggiani;0
Reinheimer;;;reinheimer;0
Reis;;;reis;0
Reitz;;;reitz;0
Remberg;;;remberg;0
Rexhbecaj;;;rexhbecaj;0
Rexhbeçaj;;;rexhbecaj;0
Reyna;;;reyna;0
Ribeiro;;;ribeiro;0
Richter;;;richter;0
Rieder;;;rieder;0
Rieß;Lasse Rieß;https://www.ligainsider.de/lasse-riess_26021/;riess;0
Ritzka;Lars Ritzka;https://www.ligainsider.de/lars-ritzka_6823/;ritzka;0
Robatsch;Jannik Robatsch;https://www.ligainsider.de/jannik-robatsch_38270/;robatsch;0
Rogério;Rogério;https://www.ligainsider.de/rogerio_20460/;rogerio;0
Rondić;;;rondic;0
Rosenfelder;Max Rosenfelder;https://www.ligainsider.de/max-rosenfelder_26203/;rosenfelder;0
Rothe;Tom Rothe;https://www.ligainsider.de/tom-rothe_26243/;rothe;0
Rothweiler;;;rothweiler;0
Ryerson;Julian Ryerson;https://www.ligainsider.de/julian-ryerson_18478/;ryerson;0
Rômulo;;;romulo;0
Röhl;;;rohl;0
Rönnow;Frederik Rønnow;https://www.ligainsider.de/frederik-roennow_7943/;ronnow;0
Røssing-Lelesiit;;;lelesiit;0
S. Banks;;;banks;0
S. Becker;;;becker;0
S. Conteh;;;conteh;0
S. Coulibaly;;;coulibaly;0
S. El Mala;;;mala;0
Saad;;;saad;0
Sabitzer;;;sabitzer;0
Sahiti;;;sahiti;0
Sakar;;;sakar;0
Saliakas;Manolis Saliakas;https://www.ligainsider.de/manolis-saliakas_16223/;saliakas;0
Salifou;;;salifou;0
Sambi Lokonga;;;lokonga;0
Sander;Philipp Sander;https://www.ligainsider.de/philipp-sander_18612/;sander;0
Sands;;;sands;0
Sani;;;sani;0
Sanne;;;sanne;0
Sano;;;sano;0
Santos Daiber;;;daiber;0
Sapoko Ndiaye;;;ndiaye;0
Sarco;;;sarco;0
Scally;Joe Scally;https://www.ligainsider.de/joe-scally_23700/;scally;0
Schenten;;;schenten;0
Scherhant;;;scherhant;0
Schick;;;schick;0
Schimmer;;;schimmer;0
Schlager;;;schlager;0
Schlich;;;schlich;0
Schmetgens;Mick Schmetgens;https://www.ligainsider.de/mick-schmetgens_37129/;schmetgens;0
Schmid;;;schmid;0
Schmied;Joël Schmied;https://www.ligainsider.de/joel-schmied_38328/;schmied;0
Schmitt;;;schmitt;0
Schmitz;;;schmitz;0
Schonlau;;;schonlau;0
Schopp;;;schopp;0
Schwäbe;Marvin Schwäbe;https://www.ligainsider.de/marvin-schwaebe_2626/;schwabe;0
Schäfer;;;schafer;0
Schöppner;;;schoppner;0
Scienza;;;scienza;0
Sebulonsen;Sebastian Sebulonsen;https://www.ligainsider.de/sebastian-sebulonsen_38632/;sebulonsen;0
Seelt;Jenson Seelt;https://www.ligainsider.de/jenson-seelt_27288/;seelt;0
Seibt;;;seibt;0
Seiwald;Nicolas Seiwald;https://www.ligainsider.de/nicolas-seiwald_24619/;seiwald;0
Shiogai;;;shiogai;0
Sieb;;;sieb;0
Siersleben;Tim Siersleben;https://www.ligainsider.de/tim-siersleben_20684/;siersleben;0
Silas;;;silas;0
Sildillia;;;sildillia;0
Siljević;Amil Šiljević;https://www.ligainsider.de/amil-siljevic_38182/;siljevic;0
Simpson-Pusey;Jahmai Simpson-Pusey;https://www.ligainsider.de/jahmai-simpson-pusey_38128/;pusey;0
Sinani;;;sinani;0
Sippel;Tobias Sippel;https://www.ligainsider.de/tobias-sippel_495/;sippel;0
Skarke;;;skarke;0
Skhiri;Ellyes Skhiri;https://www.ligainsider.de/ellyes-skhiri_20776/;skhiri;0
Skov;;;skov;0
Skov Olsen;;;olsen;0
Smarkalev;Stefan Smarkalev;https://www.ligainsider.de/stefan-smarkalev_37181/;smarkalev;0
Smith;Eric Smith;https://www.ligainsider.de/eric-smith_23968/;smith;0
Smolčić;;;smolcic;0
Sorg;Oliver Sorg;https://www.ligainsider.de/oliver-sorg_37873/;sorg;0
Soumahoro;;;soumahoro;0
Spari;Simon Spari;https://www.ligainsider.de/simon-spari_38575/;spari;0
Stach;;;stach;0
Stage;;;stage;0
Stange;;;stange;0
Stanišić;Josip Stanišić;https://www.ligainsider.de/josip-stanisic_20102/;stanisic;0
Stark;Niklas Stark;https://www.ligainsider.de/niklas-stark_2441/;stark;0
Stein;;;stein;0
Stenzel;Pascal Stenzel;https://www.ligainsider.de/pascal-stenzel_6002/;stenzel;0
Stergiou;Leonidas Stergiou;https://www.ligainsider.de/leonidas-stergiou_36303/;stergiou;0
Stevens;Fin Stevens;https://www.ligainsider.de/fin-stevens_37255/;stevens;0
Stiller;;;stiller;0
Stöger;;;stoger;0
Sugawara;Yukinari Sugawara;https://www.ligainsider.de/yukinari-sugawara_22234/;sugawara;0
Suhonen;;;suhonen;0
Suzuki;;;suzuki;0
Svanberg;;;svanberg;0
Svensson;Daniel Svensson;https://www.ligainsider.de/daniel-svensson_38304/;svensson;0
Swider;Niklas Swider;https://www.ligainsider.de/niklas-swider_37246/;swider;0
Süle;Niklas Süle;https://www.ligainsider.de/niklas-suele_2584/;sule;0
T. Drexler;;;drexler;0
T. Philipp;Luca Philipp;https://www.ligainsider.de/luca-philipp_24129/;philipp;0
Tabaković;;;tabakovic;0
Tah;Jonathan Tah;https://www.ligainsider.de/jonathan-tah_2385/;tah;0
Takai;Kota Takai;https://www.ligainsider.de/kota-takai_38776/;takai;0
Tangvik;Sander Tangvik;https://www.ligainsider.de/sander-tangvik_24494/;tangvik;0
Tape;Axel Tape;https://www.ligainsider.de/axel-tape_38260/;tape;0
Tapsoba;Edmond Tapsoba;https://www.ligainsider.de/edmond-tapsoba_19022/;tapsoba;0
Tauer;;;tauer;0
Tella;;;tella;0
Telle;;;telle;0
Terrier;;;terrier;0
Theate;Arthur Theate;https://www.ligainsider.de/arthur-theate_26137/;theate;0
Thielmann;;;thielmann;0
Thomas;;;thomas;0
Tiago Tomás;;;tomas;0
Tietz;;;tietz;0
Tigges;;;tigges;0
Tillman;;;tillman;0
Tohumcu;;;tohumcu;0
Topp;;;topp;0
Torunarigha;Jordan Torunarigha;https://www.ligainsider.de/jordan-torunarigha_6513/;torunarigha;0
Tousart;;;tousart;0
Traoré;Omar Traoré;https://www.ligainsider.de/omar-traore_35989/;traore;0
Trapp;;;trapp;0
Treu;Philipp Treu;https://www.ligainsider.de/philipp-treu_20344/;treu;0
Trimmel;Christopher Trimmel;https://www.ligainsider.de/christopher-trimmel_5713/;trimmel;0
Tschernuth;Paul Tschernuth;https://www.ligainsider.de/paul-tschernuth_27492/;tschernuth;0
Tuta;;;tuta;0
Ullrich;Lukas Ullrich;https://www.ligainsider.de/lukas-ullrich_27518/;ullrich;0
Ulreich;Sven Ulreich;https://www.ligainsider.de/sven-ulreich_205/;ulreich;0
Ulrich;;;ulrich;0
Undav;;;undav;0
Upamecano;Dayot Upamecano;https://www.ligainsider.de/dayot-upamecano_11541/;upamecano;0
Urbich;;;urbich;0
Urbig;Jonas Urbig;https://www.ligainsider.de/jonas-urbig_26101/;urbig;0
Uzun;;;uzun;0
Vagnoman;Josha Vagnoman;https://www.ligainsider.de/josha-vagnoman_18427/;vagnoman;0
Vandevoordt;Maarten Vandevoordt;https://www.ligainsider.de/maarten-vandevoordt_21774/;vandevoordt;0
Vasilj;Nikola Vasilj;https://www.ligainsider.de/nikola-vasilj_13866/;vasilj;0
Vavro;Denis Vavro;https://www.ligainsider.de/denis-vavro_16744/;vavro;0
Veratschnig;;;veratschnig;0
Vermeeren;;;vermeeren;0
Vidić;;;vidic;0
Vidović;;;vidovic;0
Vini Souza;;;souza;0
Vogt;;;vogt;0
Voll;Ben Voll;https://www.ligainsider.de/ben-voll_20984/;voll;0
Vranckx;;;vranckx;0
W. Orbán;Willi Orbán;https://www.ligainsider.de/willi-orban_1667/;orban;0
Wagner;;;wagner;0
Wahi;;;wahi;0
Wahl;Hauke Wahl;https://www.ligainsider.de/hauke-wahl_6372/;wahl;0
Waldschmidt;;;waldschmidt;0
Wanner;;;wanner;0
Weigel;;;weigel;0
Weigl;;;weigl;0
Weiper;;;weiper;0
Weiser;;;weiser;0
Weißhaupt;;;weisshaupt;0
Werner;;;werner;0
Widmer;Silvan Widmer;https://www.ligainsider.de/silvan-widmer_1938/;widmer;0
Wimmer;;;wimmer;0
Wind;;;wind;0
Wirtz;;;wirtz;0
Woltemade;;;woltemade;0
Wätjen;;;watjen;0
Wöber;Maximilian Wöber;https://www.ligainsider.de/maximilian-woeber_11916/;wober;0
Xavi Simons;;;simons;0
Xhaka;;;xhaka;0
Y. Engelhardt;Yannik Engelhardt;https://www.ligainsider.de/yannik-engelhardt_20278/;engelhardt;0
Yalçınkaya;;;yalcınkaya;0
Yardımcı;;;yardımcı;0
Zagadou;Dan-Axel Zagadou;https://www.ligainsider.de/dan-axel-zagadou_12683/;zagadou;0
Zaragoza;;;zaragoza;0
Zehnter;Aaron Zehnter;https://www.ligainsider.de/aaron-zehnter_26201/;zehnter;0
Zeitler;;;zeitler;0
Zentner;Robin Zentner;https://www.ligainsider.de/robin-zentner_3298/;zentner;0
Zesiger;Cédric Zesiger;https://www.ligainsider.de/cedric-zesiger_23382/;zesiger;0
Zetterer;Michael Zetterer;https://www.ligainsider.de/michael-zetterer_6257/;zetterer;0
Zieler;Ron-Robert Zieler;https://www.ligainsider.de/ron-robert-zieler_613/;zieler;0
Zieliński;Jakub Zielinski;https://www.ligainsider.de/jakub-zielinski_38580/;zielinski;0
Zingerle;Leopold Zingerle;https://www.ligainsider.de/leopold-zingerle_2452/;zingerle;0
Zivzivadze;;;zivzivadze;0
Zvonarek;;;zvonarek;0
da Costa;Danny da Costa;https://www.ligainsider.de/danny-da-costa_650/;costa;0
van den Berg;Rav van den Berg;https://www.ligainsider.de/rav-van-den-berg_38630/;berg;0
Özcan;;;ozcan;0
Özkacar;Cenk Özkacar;https://www.ligainsider.de/cenk-oezkacar_24623/;ozkacar;0
Öztunali;;;oztunali;0
Ćatović;;;catovic;0
Černý;;;cerny;0
Čolina;;;colina;0
Čović;;;covic;0
Čvančara;;;cvancara;0
Đurić;;;đuric;0
İnanoğlu;;;inanoglu;0
Łubik;;;lubik;0
Šeško;;;sesko;0
